X,Y,Z,X_r,Y_r,Z_r,formation,series,id,order_series,smooth,group,X_s,Y_s,Z_s,T,is_new,
454564.4,6782281,-5506.7534,0.603253021,0.424923082,0.540026703,fault3,fault3,1,1,1e-06,fault3,0.7063060414523039,0.056382688,0.23437382667310758,0,FALSE,
454666.88,6782183,-5638.475,0.61401298,0.414633504,0.526196502,fault3,fault3,1,1,1e-06,fault3,0.727825959,0.035803532,0.20671342474958615,0,FALSE,
454579.56,6782074,-5627.645,0.604844755,0.403188973,0.527333605,fault3,fault3,1,1,1e-06,fault3,0.709489511,0.012914470506709288,0.20898763150710908,0,FALSE,
454822.47,6782177.5,-5737.794,0.63034926,0.414056028,0.515768434,fault3,fault3,1,1,1e-06,fault3,0.7604985195606909,0.034648579,0.18585729,0,FALSE,
454961.47,6782067.5,-5801.1367,0.644943661,0.402506501,0.509117723,fault3,fault3,1,1,1e-06,fault3,0.7896873228197575,0.011549526,0.17255586820940422,0,FALSE,
454338.4,6782244,-5376.1533,0.579523994,0.421038242,0.553739151,fault3,fault3,1,1,1e-06,fault3,0.6588479872325267,0.048613006866718704,0.2617987232523479,0,FALSE,
455007.6,6782303,-5799.7114,0.649787113,0.427232988,0.509267374,fault3,fault3,1,1,1e-06,fault3,0.7993742256567422,0.061002499,0.17285516893807432,0,FALSE,
455298.78,6782241,-5997.9233,0.680359759,0.420723254,0.488455977,fault3,fault3,1,1,1e-06,fault3,0.8605195186997385,0.047983033,0.13123237647256514,0,FALSE,
454820.88,6782277,-5688.905,0.630182317,0.424503099,0.520901569,fault3,fault3,1,1,1e-06,fault3,0.7601646332500366,0.055542722748367586,0.19612355893408467,0,FALSE,
454233.06,6782707,-5409.957,0.568463747,0.469651248,0.550189908,fault3,fault3,1,1,1e-06,fault3,0.6367274941727367,0.1458390206001561,0.25470023729027225,0,FALSE,
454443.16,6782394,-5507.841,0.590523343,0.436787596,0.539912509,fault3,fault3,1,1,1e-06,fault3,0.6808466852858963,0.080111715,0.2341454400369595,0,FALSE,
454598.1,6782482,-5659.863,0.606791376,0.446027217,0.523950854,fault3,fault3,1,1,1e-06,fault3,0.7133827513071901,0.098590958,0.2022221288927163,0,FALSE,
454632.16,6782379,-5681.564,0.610367529,0.43521266,0.521672342,fault3,fault3,1,1,1e-06,fault3,0.7205350580626126,0.076961845,0.1976651057306659,0,FALSE,
454915.44,6782383,-5808.056,0.64011071,0.435632643,0.508391227,fault3,fault3,1,1,1e-06,fault3,0.7800214191218154,0.07780181,0.17110287478213482,0,FALSE,
454803.4,6782382.5,-5835.7207,0.628346992,0.435580145,0.505486552,fault3,fault3,1,1,1e-06,fault3,0.7564939837466701,0.077696814,0.1652935259654362,0,FALSE,
454647.88,6782637.5,-5608.7065,0.612018061,0.462354048,0.529322066,fault3,fault3,1,1,1e-06,fault3,0.7238361227189681,0.13124461897062284,0.21296455345330936,0,FALSE,
454915.2,6782498,-5798.543,0.640085511,0.447707148,0.509390051,fault3,fault3,1,1,1e-06,fault3,0.7799710211881327,0.10195082001637983,0.17310052287856284,0,FALSE,
454746.47,6782549.5,-5675.5166,0.622369587,0.453114426,0.522307293,fault3,fault3,1,1,1e-06,fault3,0.7445391738938633,0.11276537661955915,0.1989350076646867,0,FALSE,
455282.47,6782688,-6193.331,0.67864728,0.46765633,0.46793901,fault3,fault3,1,1,1e-06,fault3,0.8570945591230694,0.14184918418344916,0.090198442,0,FALSE,
454611.44,6782867,-5498.267,0.608192018,0.48645056,0.540917738,fault3,fault3,1,1,1e-06,fault3,0.7161840364545045,0.17943764305663557,0.23615589760819922,0,FALSE,
454936.5,6782729.5,-5794.6543,0.642321919,0.472013652,0.509798347,fault3,fault3,1,1,1e-06,fault3,0.784443838,0.15056382688309852,0.17391711639822843,0,FALSE,
455123.8,6782847,-5925.7314,0.661987613,0.484350646,0.496035816,fault3,fault3,1,1,1e-06,fault3,0.8237752252157629,0.17523781524957563,0.14639205392578977,0,FALSE,
454385.62,6783044,-5468.2466,0.58448189,0.505034798,0.544069751,fault3,fault3,1,1,1e-06,fault3,0.6687637806849893,0.21660611914911596,0.24245992314315218,0,FALSE,
454562.5,6783137,-5585.762,0.603053529,0.514799397,0.53173114,fault3,fault3,1,1,1e-06,fault3,0.7059070578106283,0.23613531845194463,0.2177827009092638,0,FALSE,
454924.3,6782926,-5711.4897,0.641040971,0.492645306,0.518530272,fault3,fault3,1,1,1e-06,fault3,0.7818819428403401,0.19182713508746235,0.19138096638037927,0,FALSE,
455141.78,6782995.5,-5946.782,0.663875435,0.499942506,0.493825594,fault3,fault3,1,1,1e-06,fault3,0.8275508704143181,0.20642153671699562,0.1419716091640249,0,FALSE,
454053.7,6783334,-5469.032,0.549631719,0.535483549,0.543987287,fault3,fault3,1,1,1e-06,fault3,0.5990634383990261,0.27750362235148496,0.242294996,0,FALSE,
454248.44,6783115,-5522.712,0.570078581,0.512489492,0.538351118,fault3,fault3,1,1,1e-06,fault3,0.6399571617563667,0.2315155078641787,0.23102265807102007,0,FALSE,
454813.53,6783063,-5689.5215,0.629410598,0.507029716,0.520836839,fault3,fault3,1,1,1e-06,fault3,0.758621197,0.22059595556582287,0.19599409924193203,0,FALSE,
454413.97,6783275,-5756.4873,0.587458518,0.529288803,0.513805718,fault3,fault3,1,1,1e-06,fault3,0.6747170366014918,0.26511413032065817,0.18193185779383134,0,FALSE,
455063.12,6783121,-6032.0254,0.655616474,0.513119466,0.484875404,fault3,fault3,1,1,1e-06,fault3,0.8110329476491445,0.2327754562062967,0.1240712290796082,0,FALSE,
454881.25,6783184.5,-5916.4873,0.636520907,0.519786693,0.497006407,fault3,fault3,1,1,1e-06,fault3,0.772841813,0.24610990949371195,0.1483332353373519,0,FALSE,
454360,6783361.5,-5692.652,0.581791901,0.538370931,0.52050815,fault3,fault3,1,1,1e-06,fault3,0.6633838012641465,0.28327838558619234,0.19533672119443193,0,FALSE,
454216.62,6783393,-5603.0283,0.566737618,0.541678295,0.529918252,fault3,fault3,1,1,1e-06,fault3,0.633275236,0.28989311438231175,0.21415692656601182,0,FALSE,
455234.8,6783247.5,-6562.87,0.673642135,0.526401422,0.429139006,fault3,fault3,1,1,1e-06,fault3,0.8470842695449454,0.25933936708595073,0.012598433464228006,0,FALSE,
455010.28,6783235.5,-6236.743,0.650068501,0.525141473,0.463380937,fault3,fault3,1,1,1e-06,fault3,0.799937003,0.25681947040171477,0.081082296,0,FALSE,
454652.2,6783242.5,-5921.4062,0.612471643,0.525876443,0.496489944,fault3,fault3,1,1,1e-06,fault3,0.7247432855252945,0.25828941013418577,0.14730030868734442,0,FALSE,
454121.78,6783620.5,-5524.13,0.556779826,0.565564816,0.538202234,fault3,fault3,1,1,1e-06,fault3,0.6133596522542616,0.3376661556876185,0.2307248902794996,0,FALSE,
455204.8,6783376,-6516.244,0.670492264,0.539893368,0.434034535,fault3,fault3,1,1,1e-06,fault3,0.8407845278343555,0.2863232607463108,0.022389492030826866,0,FALSE,
454909.78,6783288,-6292.739,0.639516434,0.530653747,0.457501598,fault3,fault3,1,1,1e-06,fault3,0.7788328678524228,0.26784401839524713,0.069323618,0,FALSE,
454598.97,6783338.5,-5962.7134,0.606882722,0.53595603,0.492152865,fault3,fault3,1,1,1e-06,fault3,0.7135654438167962,0.27844858360807345,0.13862615232775527,0,FALSE,
454891.4,6783382.5,-6263.77,0.637586613,0.54057584,0.460543218,fault3,fault3,1,1,1e-06,fault3,0.7749732260977338,0.2876882047836053,0.075406858,0,FALSE,
454548.12,6783398,-5933.932,0.601543691,0.542203274,0.495174788,fault3,fault3,1,1,1e-06,fault3,0.7028873816173512,0.2909430713340767,0.14466999853006096,0,FALSE,
454352.03,6783495.5,-5776.1006,0.580955085,0.552440354,0.511746406,fault3,fault3,1,1,1e-06,fault3,0.66171017,0.3114172318934939,0.1778132336574209,0,FALSE,
454562.84,6783490,-6015.3594,0.603089227,0.551862878,0.486625262,fault3,fault3,1,1,1e-06,fault3,0.7059784548833538,0.3102622792465524,0.12757094559123128,0,FALSE,
454849.78,6783469.5,-6273.643,0.633216692,0.549710466,0.459506596,fault3,fault3,1,1,1e-06,fault3,0.766233384,0.305957456,0.073333613,0,FALSE,
455175.4,6783523,-6491.297,0.66740539,0.555327736,0.436653863,fault3,fault3,1,1,1e-06,fault3,0.8346107809579848,0.3171919951282013,0.027628147245963096,0,FALSE,
454834.34,6783582,-6161.292,0.631595559,0.561522482,0.471302967,fault3,fault3,1,1,1e-06,fault3,0.7629911173641923,0.3295814871590281,0.096926356,0,FALSE,
454535.72,6783625,-5822.006,0.600241744,0.566037297,0.506926537,fault3,fault3,1,1,1e-06,fault3,0.7002834883769692,0.3386111169442069,0.16817349488671035,0,FALSE,
454422.7,6783812.5,-5584.444,0.588375131,0.585723989,0.531869524,fault3,fault3,1,1,1e-06,fault3,0.6765502614392819,0.3779845026353938,0.2180594695617489,0,FALSE,
454699.7,6783786.5,-5931.901,0.617458938,0.582994101,0.495388035,fault3,fault3,1,1,1e-06,fault3,0.7347178765670619,0.3725247264862159,0.1450964910438679,0,FALSE,
454303.84,6783976.5,-5465.7,0.575895342,0.602943283,0.544337133,fault3,fault3,1,1,1e-06,fault3,0.6515906847819276,0.41242309065328525,0.24299468721782524,0,FALSE,
454270.16,6783792,-5465.8623,0.572359087,0.583571578,0.544320092,fault3,fault3,1,1,1e-06,fault3,0.644518175,0.37367967913315736,0.24296060561517097,0,FALSE,
454863.75,6783682,-6107.508,0.634683482,0.572022051,0.476950056,fault3,fault3,1,1,1e-06,fault3,0.7691669641544685,0.3505806261943277,0.10822053295814923,0,FALSE,
454972.84,6783859.5,-6177.488,0.646137462,0.590658787,0.469602457,fault3,fault3,1,1,1e-06,fault3,0.7920749249280823,0.3878540979819846,0.093525335,0,FALSE,
454681.53,6783902.5,-5886.5005,0.615551167,0.595173602,0.500154892,fault3,fault3,1,1,1e-06,fault3,0.7309023330043514,0.39688372776716346,0.15463020516158907,0,FALSE,
452356.84,6782235.5,-6112.7705,0.371468724,0.420145778,0.476397516,fault4,fault4,2,2,1e-06,fault4,0.24273744776464332,0.04682808,0.10711545326641664,0,FALSE,
452330.9,6782069.5,-6059.2236,0.368745136,0.402716493,0.48201971,fault4,fault4,2,2,1e-06,fault4,0.23729027109888612,0.011969509250120804,0.11835984124650938,0,FALSE,
452083.03,6782102.5,-5900.289,0.342719853,0.406181351,0.498707159,fault4,fault4,2,2,1e-06,fault4,0.18523970517208982,0.018899225,0.15173473887570685,0,FALSE,
452574.47,6782159,-6264.5083,0.394318937,0.412113607,0.4604657,fault4,fault4,2,2,1e-06,fault4,0.2884378740471547,0.030763738686713994,0.075251822,0,FALSE,
452869.78,6782065,-6392.704,0.425325216,0.402244012,0.447005703,fault4,fault4,2,2,1e-06,fault4,0.35045043153230987,0.011024548,0.048331828,0,FALSE,
452661.7,6782023.5,-6301.994,0.403477712,0.397886691,0.456529863,fault4,fault4,2,2,1e-06,fault4,0.3067554230276549,0.002309905,0.067380147,0,FALSE,
452215.6,6782317,-5980.946,0.356639132,0.428702927,0.490238521,fault4,fault4,2,2,1e-06,fault4,0.21307826379117584,0.063942378,0.13479746330400516,0,FALSE,
452643.62,6782279,-6378.965,0.401579389,0.424713091,0.448448239,fault4,fault4,2,2,1e-06,fault4,0.3029587786900693,0.055962705529073585,0.051216900107095786,0,FALSE,
451964.88,6782377.5,-5844.9414,0.330314611,0.435055167,0.504518418,fault4,fault4,2,2,1e-06,fault4,0.1604292224018784,0.076646857,0.16335725835240836,0,FALSE,
452104.88,6782323,-5856.252,0.345014009,0.429332901,0.503330854,fault4,fault4,2,2,1e-06,fault4,0.18982801705129793,0.065202327,0.1609821297326816,0,FALSE,
452061.97,6782256,-5805.6333,0.340508643,0.42229819,0.5086456,fault4,fault4,2,2,1e-06,fault4,0.18081728649124398,0.051132903550954664,0.17161162092354285,0,FALSE,
451901.1,6782252.5,-5740.6943,0.323617986,0.421930705,0.515463915,fault4,fault4,2,2,1e-06,fault4,0.1470359715251584,0.050397933684719176,0.18524825182167615,0,FALSE,
452128.62,6782438,-6048.193,0.347506606,0.441407406,0.483177875,fault4,fault4,2,2,1e-06,fault4,0.19481321265827609,0.089351337,0.12067617227693715,0,FALSE,
452991.2,6782160,-6533.881,0.438073793,0.412218603,0.432182726,fault4,fault4,2,2,1e-06,fault4,0.3759475861489673,0.030973730077066993,0.018685873879170933,0,FALSE,
452383.2,6782401,-6219.8447,0.37423641,0.437522566,0.465155186,fault4,fault4,2,2,1e-06,fault4,0.24827282081434537,0.081581655,0.084630793,0,FALSE,
451728.78,6782549.5,-5834.132,0.305525128,0.453114426,0.505653359,fault4,fault4,2,2,1e-06,fault4,0.1108502551395408,0.11276537661955915,0.16562713928729006,0,FALSE,
451746.2,6782440.5,-5715.0103,0.307354153,0.441669896,0.518160625,fault4,fault4,2,2,1e-06,fault4,0.11450830515948658,0.089876315,0.19064167069150256,0,FALSE,
452680.12,6782503,-6452.5884,0.405411732,0.448232127,0.440718099,fault4,fault4,2,2,1e-06,fault4,0.3106234644379537,0.10300077696814482,0.03575662,0,FALSE,
452202.06,6782703,-6170.172,0.35521749,0.469231266,0.470370605,fault4,fault4,2,2,1e-06,fault4,0.21023498036580066,0.1449990550387441,0.095061632,0,FALSE,
452145.2,6782610,-6113.8506,0.349247435,0.459466666,0.47628411,fault4,fault4,2,2,1e-06,fault4,0.1982948699103322,0.12546985573591543,0.10688864156569633,0,FALSE,
451916.9,6782696,-5918.8823,0.325276918,0.468496296,0.496754942,fault4,fault4,2,2,1e-06,fault4,0.15035383549274553,0.14352911530627316,0.1478303059574564,0,FALSE,
452395.9,6782504,-6272.747,0.375569856,0.448337122,0.459600672,fault4,fault4,2,2,1e-06,fault4,0.25093971147183086,0.10321076835849781,0.073521766,0,FALSE,
452511.78,6782625,-6378.3223,0.387736757,0.461041601,0.44851572,fault4,fault4,2,2,1e-06,fault4,0.2752735137859371,0.12861972659121038,0.051351861573675724,0,FALSE,
451753.66,6782822,-5934.5835,0.30813742,0.481725753,0.495106384,fault4,fault4,2,2,1e-06,fault4,0.1160748409315121,0.1699880304907507,0.144533189,0,FALSE,
452706.38,6782993,-6446.252,0.408168919,0.499680017,0.441383394,fault4,fault4,2,2,1e-06,fault4,0.31613783834862536,0.2058965582411131,0.037087209424413646,0,FALSE,
452662.6,6782725.5,-6437.2188,0.403572208,0.471593669,0.442331841,fault4,fault4,2,2,1e-06,fault4,0.30694441527896527,0.14972386132168655,0.038984104,0,FALSE,
452523.6,6782712,-6373.7324,0.388977806,0.470176227,0.44899764,fault4,fault4,2,2,1e-06,fault4,0.2777556120198988,0.1468889775519211,0.052315701,0,FALSE,
451972.4,6782868.5,-6077.8076,0.331104179,0.486608053,0.48006847,fault4,fault4,2,2,1e-06,fault4,0.16200835765733684,0.17975263014216505,0.11445736124818932,0,FALSE,
452094.66,6782814,-6184.7236,0.343940953,0.480885788,0.46884275,fault4,fault4,2,2,1e-06,fault4,0.18768190504188392,0.16830809936792673,0.092005922,0,FALSE,
452377.25,6782820.5,-6356.2227,0.373611686,0.48156826,0.450836083,fault4,fault4,2,2,1e-06,fault4,0.2470233720417426,0.1696730434052212,0.055992587,0,FALSE,
452592.88,6782810,-6420.5137,0.396251908,0.480465805,0.444085805,fault4,fault4,2,2,1e-06,fault4,0.2923038155435602,0.16746813380651476,0.042492031,0,FALSE,
451973.84,6782994,-6060.506,0.331255373,0.499785013,0.481885063,fault4,fault4,2,2,1e-06,fault4,0.16231074525944564,0.20610654963146613,0.11809054828752068,0,FALSE,
451933.7,6782920,-5989.9736,0.327040845,0.492015331,0.489290662,fault4,fault4,2,2,1e-06,fault4,0.15388169085067344,0.19056718674534437,0.1329017450284544,0,FALSE,
451738.03,6782920.5,-5929.3135,0.306496338,0.492067829,0.495659711,fault4,fault4,2,2,1e-06,fault4,0.11279267550030601,0.19067218244052087,0.1456398437664062,0,FALSE,
452209.66,6782919.5,-6195.2324,0.356015457,0.491962834,0.467739371,fault4,fault4,2,2,1e-06,fault4,0.21183091493247855,0.19046219105016787,0.089799164,0,FALSE,
452518.2,6782921,-6365.4595,0.388410829,0.492120327,0.449866259,fault4,fault4,2,2,1e-06,fault4,0.27662165851199993,0.19077717813569736,0.054052939,0,FALSE,
452396.94,6783015,-6325.966,0.375679051,0.501989923,0.454012906,fault4,fault4,2,2,1e-06,fault4,0.2511581025177936,0.21051636882887906,0.062346234,0,FALSE,
452154.34,6783106.5,-6229.081,0.350207096,0.511597029,0.464185414,fault4,fault4,2,2,1e-06,fault4,0.20021419121816153,0.22973058104617822,0.08269125,0,FALSE,
451785.28,6783229.5,-6125.881,0.311457384,0.524511499,0.47502097,fault4,fault4,2,2,1e-06,fault4,0.12271476869448511,0.2555595220595968,0.10436236114319353,0,FALSE,
452318.34,6783222,-6382.8623,0.36742639,0.523724031,0.448039039,fault4,fault4,2,2,1e-06,fault4,0.23465277923605296,0.25398458663194934,0.050398500661473125,0,FALSE,
452733.9,6783124.5,-6609.6367,0.411058401,0.513486951,0.424228704,fault4,fault4,2,2,1e-06,fault4,0.3219168014111437,0.23351042607253217,0.002777829,0,FALSE,
452277.38,6783417,-6350.9707,0.363125766,0.544198192,0.45138752,fault4,fault4,2,2,1e-06,fault4,0.22605153188718982,0.2949329077507837,0.057095462,0,FALSE,
452068.66,6783459,-6195.9297,0.341211064,0.548608011,0.467666158,fault4,fault4,2,2,1e-06,fault4,0.18222212889270603,0.30375254614560954,0.089652737,0,FALSE,
452707.8,6783302.5,-6622.865,0.408318013,0.532176185,0.422839789,fault4,fault4,2,2,1e-06,fault4,0.31643602612292315,0.27088889355536555,0,0,FALSE,
452583.56,6783423,-6508.503,0.395273348,0.544828166,0.434847307,fault4,fault4,2,2,1e-06,fault4,0.29034669578546884,0.29619285609290164,0.024015035383549408,0,FALSE,
452757.94,6783537,-6546.6904,0.413582497,0.556797675,0.430837794,fault4,fault4,2,2,1e-06,fault4,0.32696499443522536,0.32013187459314324,0.01599601,0,FALSE,
451889.03,6783496.5,-6020.5337,0.322350688,0.55254535,0.486081983,fault4,fault4,2,2,1e-06,fault4,0.1445013754436085,0.3116272232838469,0.12648438714012783,0,FALSE,
452288.4,6783578,-6279.101,0.364282819,0.561102499,0.458933529,fault4,fault4,2,2,1e-06,fault4,0.22836563700888377,0.3287415215976161,0.07218748,0,FALSE,
452515.03,6783531.5,-6461.5117,0.388077993,0.556220199,0.439781191,fault4,fault4,2,2,1e-06,fault4,0.27595598580458436,0.31897692194620175,0.033882804,0,FALSE,
452013.7,6783733.5,-5908.933,0.335440501,0.577429329,0.497799576,fault4,fault4,2,2,1e-06,fault4,0.17068100207891315,0.36139518279750704,0.1499195732974955,0,FALSE,
452182.75,6783681,-6102.8525,0.353190023,0.571917056,0.477438863,fault4,fault4,2,2,1e-06,fault4,0.20618004661808478,0.35037063480397473,0.10919814787593758,0,FALSE,
452597.88,6783679,-6383.4155,0.396776886,0.571707064,0.447980956,fault4,fault4,2,2,1e-06,fault4,0.29335377249532524,0.34995065202326875,0.050282333,0,FALSE,
452164.44,6783934,-5785.464,0.351267552,0.598480966,0.510763289,fault4,fault4,2,2,1e-06,fault4,0.2023351042607219,0.40349845656328287,0.17584700027298963,0,FALSE,
452459.94,6783829,-6219.2285,0.38229378,0.587456418,0.465219884,fault4,fault4,2,2,1e-06,fault4,0.2643875601100324,0.38144936057621825,0.08476019,0,FALSE,
452160.62,6783819,-6012.1504,0.350866469,0.586406461,0.486962193,fault4,fault4,2,2,1e-06,fault4,0.201532937,0.3793494466726883,0.12824480796287402,0,FALSE,
452818.2,6783767,-6477.7,0.419909538,0.580946685,0.438081489,fault4,fault4,2,2,1e-06,fault4,0.3396190756178989,0.36842989437433243,0.030483400180592736,0,FALSE,
452561.16,6783947,-6186.4,0.392921444,0.59984591,0.468666735,fault4,fault4,2,2,1e-06,fault4,0.28564288864155685,0.40622834463787183,0.091653892,0,FALSE,
452717.9,6783898,-6397.4927,0.40937847,0.594701121,0.44650291,fault4,fault4,2,2,1e-06,fault4,0.31855693916549577,0.395938767,0.047326243,0,FALSE,
452875.3,6783947,-6444.251,0.425904792,0.59984591,0.44159349,fault4,fault4,2,2,1e-06,fault4,0.3516095840070501,0.40622834463787183,0.037507402,0,FALSE,
452322.1,6782459.5,-5575.0566,0.367821173,0.443664814,0.532855161,BCU,unconformity,3,3,1e-06,BCU,0.23544234686376997,0.093866151,0.22003074273954873,0,FALSE,
452324.94,6782029.5,-5531.4814,0.368119361,0.398516665,0.537430369,BCU,unconformity,3,3,1e-06,BCU,0.23603872241237783,0.003569854,0.2291811595724587,0,FALSE,
451775.75,6782029.5,-5586.042,0.310456775,0.398516665,0.531701741,BCU,unconformity,3,3,1e-06,BCU,0.12071355074441519,0.003569854,0.21772390331996483,0,FALSE,
451789.38,6782354.5,-5610.9487,0.311887867,0.432640266,0.529086645,BCU,unconformity,3,3,1e-06,BCU,0.1235757333949275,0.071817056,0.21249371075785994,0,FALSE,
451267.53,6782028,-5613.0938,0.257095863,0.398359171,0.528861418,BCU,unconformity,3,3,1e-06,BCU,0.013991726339221138,0.003254867,0.2120432582264138,0,FALSE,
451562.84,6782422,-5612.8213,0.288102142,0.439727475,0.52889003,BCU,unconformity,3,3,1e-06,BCU,0.076004284,0.085991474,0.212100481,0,FALSE,
451490.28,6782598,-5608.139,0.280483654,0.458206718,0.529381651,BCU,unconformity,3,3,1e-06,BCU,0.060767308540351124,0.12294995905167948,0.2130837235673347,0,FALSE,
451264.06,6782327,-5604.2563,0.256731528,0.429752884,0.529789318,BCU,unconformity,3,3,1e-06,BCU,0.013263056214689884,0.066042292,0.2138990571386583,0,FALSE,
453657.88,6782223,-5353.1807,0.508072323,0.418833332,0.556151175,BCU,unconformity,3,3,1e-06,BCU,0.5159446462695015,0.044203187669305775,0.26662277146637114,0,FALSE,
453910.75,6782029.5,-5338.66,0.534622585,0.398516665,0.557675786,BCU,unconformity,3,3,1e-06,BCU,0.5690451691480628,0.003569854,0.2696719934482699,0,FALSE,
453375.84,6782030.5,-5392.196,0.478459337,0.398621661,0.552054736,BCU,unconformity,3,3,1e-06,BCU,0.45671867453434684,0.003779845,0.2584298943743319,0,FALSE,
452873.28,6782030,-5455.4614,0.425692701,0.398569163,0.545412142,BCU,unconformity,3,3,1e-06,BCU,0.35118540139854537,0.003674849,0.24514470506709338,0,FALSE,
452792.5,6782360.5,-5487.791,0.417211148,0.43327024,0.542017673,BCU,unconformity,3,3,1e-06,BCU,0.33422229688582444,0.073077004,0.23835576741353712,0,FALSE,
454027.62,6782393,-5305.703,0.546893431,0.4366826,0.561136129,BCU,unconformity,3,3,1e-06,BCU,0.5935868629386165,0.079901724,0.2765926797001335,0,FALSE,
454491.53,6782272,-5273.8228,0.595601984,0.423978121,0.564483413,BCU,unconformity,3,3,1e-06,BCU,0.691003969,0.054492766,0.28328724722286525,0,FALSE,
454749.56,6782029.5,-5289.002,0.622694024,0.398516665,0.562889662,BCU,unconformity,3,3,1e-06,BCU,0.7451880472900594,0.003569854,0.2800997459104189,0,FALSE,
454367.53,6782029.5,-5304.368,0.582582518,0.398516665,0.561276298,BCU,unconformity,3,3,1e-06,BCU,0.6649650364335105,0.003569854,0.27687301820625476,0,FALSE,
454851.22,6782271,-5262.92,0.633367886,0.423873125,0.56562816,BCU,unconformity,3,3,1e-06,BCU,0.7665357720333397,0.054282774,0.28557674135360583,0,FALSE,
455105.22,6782029.5,-5283.1973,0.660036793,0.398516665,0.563499131,BCU,unconformity,3,3,1e-06,BCU,0.8198735851830008,0.003569854,0.2813186829340011,0,FALSE,
455511.4,6782228.5,-5244.6553,0.702683944,0.419410808,0.567545875,BCU,unconformity,3,3,1e-06,BCU,0.9051678881165917,0.045358140316247256,0.28941217110098616,0,FALSE,
455955.94,6782029,-5244.7974,0.74935873,0.398464167,0.567530955,BCU,unconformity,3,3,1e-06,BCU,0.9985174607841083,0.003464858,0.289382331,0,FALSE,
455494.25,6782029.5,-5270.877,0.700883268,0.398516665,0.564792709,BCU,unconformity,3,3,1e-06,BCU,0.9015665357720328,0.003569854,0.28390584,0,FALSE,
455767.2,6782308.5,-5215.3633,0.729541843,0.427810464,0.570621409,BCU,unconformity,3,3,1e-06,BCU,0.9588836857688857,0.062157452,0.2955632389072062,0,FALSE,
455961,6782280,-5201.239,0.749890009,0.424818087,0.572104399,BCU,unconformity,3,3,1e-06,BCU,0.999580017,0.056172697,0.2985292203019691,0,FALSE,
453414.03,6782385,-5386.407,0.482469123,0.435842635,0.552662556,BCU,unconformity,3,3,1e-06,BCU,0.46473824573192823,0.078221793,0.2596455345330853,0,FALSE,
455215.62,6782268,-5252.574,0.671628317,0.423558138,0.566714445,BCU,unconformity,3,3,1e-06,BCU,0.8430566346779764,0.0536528,0.28774931227819806,0,FALSE,
452059.3,6782479.5,-5604.2974,0.340228305,0.445764728,0.529785002,BCU,unconformity,3,3,1e-06,BCU,0.1802566094790049,0.098065979,0.21389042649251472,0,FALSE,
455421.88,6782547,-5219.8975,0.693284729,0.452851937,0.570145337,BCU,unconformity,3,3,1e-06,BCU,0.8863694588521874,0.11224039814367666,0.2946110959450676,0,FALSE,
454482.25,6782530,-5258.5186,0.594627624,0.45106701,0.566090288,BCU,unconformity,3,3,1e-06,BCU,0.6890552487348004,0.10867054450767571,0.28650099745910546,0,FALSE,
451263.44,6783093,-5618.5947,0.256666431,0.510179587,0.528283847,BCU,unconformity,3,3,1e-06,BCU,0.013132861552672005,0.2268956972764128,0.21088811658722098,0,FALSE,
451582.97,6782930.5,-5617.874,0.290215705,0.493117786,0.528359518,BCU,unconformity,3,3,1e-06,BCU,0.080231411,0.19277209634405085,0.21103945738224836,0,FALSE,
451263.7,6782662,-5600.884,0.25669373,0.464926442,0.530143395,BCU,unconformity,3,3,1e-06,BCU,0.013187459314165739,0.13638940803427127,0.21460721110434572,0,FALSE,
453154.66,6782661.5,-5438.797,0.455236389,0.464873944,0.547161832,BCU,unconformity,3,3,1e-06,BCU,0.4102727788160603,0.13628441233909477,0.24864408559249196,0,FALSE,
455963,6782618,-5166.078,0.7501,0.460306632,0.575796153,BCU,unconformity,3,3,1e-06,BCU,1,0.1271497868587394,0.3059127275781707,0,FALSE,
455720.47,6782561.5,-5192.805,0.724635394,0.454374375,0.572989933,BCU,unconformity,3,3,1e-06,BCU,0.9490707880976819,0.11528527330379511,0.30030028768820616,0,FALSE,
451916.53,6783114,-5623.905,0.325238069,0.512384496,0.527726289,BCU,unconformity,3,3,1e-06,BCU,0.1502761386783159,0.23130551647382572,0.20977299930702945,0,FALSE,
451819.38,6782676,-5615.172,0.315037738,0.466396382,0.528643216,BCU,unconformity,3,3,1e-06,BCU,0.1298754751055174,0.13932928749921322,0.2116068541189822,0,FALSE,
452586,6782662,-5547.154,0.395529537,0.464926442,0.535784813,BCU,unconformity,3,3,1e-06,BCU,0.29085907477793066,0.13638940803427127,0.22589004850801214,0,FALSE,
452812.78,6782725.5,-5506.4336,0.419340461,0.471593669,0.54006028,BCU,unconformity,3,3,1e-06,BCU,0.33848092228218907,0.14972386132168655,0.23444098191974233,0,FALSE,
453467.3,6782845,-5393.49,0.488062244,0.484140654,0.551918872,BCU,unconformity,3,3,1e-06,BCU,0.47592448709602403,0.17481783246886964,0.25815816551521514,0,FALSE,
454932.03,6782648,-5239.8413,0.641852588,0.463456502,0.568051324,BCU,unconformity,3,3,1e-06,BCU,0.783505176,0.13344952856932932,0.29042306965414555,0,FALSE,
451723.5,6783328,-5632.808,0.30497075,0.534853575,0.526791512,BCU,unconformity,3,3,1e-06,BCU,0.10974150059847111,0.27624367400936695,0.20790344595871665,0,FALSE,
453732.75,6782737,-5343.1553,0.515933351,0.472801119,0.557203799,BCU,unconformity,3,3,1e-06,BCU,0.5316667016652294,0.152138762,0.26872801915121597,0,FALSE,
454103.12,6782857.5,-5288.97,0.554820606,0.485453101,0.562893022,BCU,unconformity,3,3,1e-06,BCU,0.6094412129102678,0.17744272484828208,0.28010646563491026,0,FALSE,
455716,6782873,-5179.354,0.724166063,0.487080534,0.57440223,BCU,unconformity,3,3,1e-06,BCU,0.9481321265828099,0.18069759139875352,0.3031248818798443,0,FALSE,
455313.3,6782983,-5211.3706,0.681884297,0.49863006,0.571040625,BCU,unconformity,3,3,1e-06,BCU,0.8635685936876557,0.20379664433758315,0.29640167153146857,0,FALSE,
452922.84,6783028,-5505.0923,0.430896287,0.503354867,0.540201111,BCU,unconformity,3,3,1e-06,BCU,0.3615925747044394,0.213246257,0.23472264337162282,0,FALSE,
453219,6783034.5,-5450.9307,0.461991812,0.504037339,0.545887846,BCU,unconformity,3,3,1e-06,BCU,0.42378362487137744,0.21461120094076247,0.24609611305936574,0,FALSE,
454486.2,6782890,-5250.1934,0.595042357,0.488865461,0.566964398,BCU,unconformity,3,3,1e-06,BCU,0.6898847147266971,0.18426744503475448,0.2882492177820723,0,FALSE,
452237.66,6783003,-5609.0786,0.358955337,0.500729974,0.529282997,BCU,unconformity,3,3,1e-06,BCU,0.21771067386236245,0.2079964721446431,0.2128864156569591,0,FALSE,
452596.75,6783003,-5563.151,0.396658241,0.500729974,0.534105197,BCU,unconformity,3,3,1e-06,BCU,0.29311648222422537,0.2079964721446431,0.22253081623653537,0,FALSE,
454685.8,6783124,-5240.4565,0.615999498,0.513434453,0.567986731,BCU,unconformity,3,3,1e-06,BCU,0.7317989962411503,0.23340543037735567,0.29029388295080033,0,FALSE,
454984.2,6782996,-5231.0225,0.647330214,0.499995004,0.56897726,BCU,unconformity,3,3,1e-06,BCU,0.7944604271224894,0.20652653241217211,0.29227494172739055,0,FALSE,
455962.88,6783101,-5151.1816,0.750087401,0.511019552,0.577360211,BCU,unconformity,3,3,1e-06,BCU,0.9999748010331586,0.22857562839923676,0.30904084332542514,0,FALSE,
451664.66,6783550,-5648.939,0.298792804,0.558162619,0.525097827,BCU,unconformity,3,3,1e-06,BCU,0.097385607,0.3228617626677322,0.2045160748409324,0,FALSE,
451455.56,6783364,-5638.0083,0.276838204,0.53863342,0.526245503,BCU,unconformity,3,3,1e-06,BCU,0.053476407467288725,0.28380336406207485,0.20681142773146388,0,FALSE,
453735.06,6783328,-5366.041,0.516175891,0.534853575,0.554800899,BCU,unconformity,3,3,1e-06,BCU,0.5321517817769443,0.27624367400936695,0.2639222191890145,0,FALSE,
451263.6,6783573.5,-5657.6875,0.25668323,0.560630018,0.524179272,BCU,unconformity,3,3,1e-06,BCU,0.013166460175123105,0.3277965603410276,0.20267896516242928,0,FALSE,
454350.7,6783209,-5262.5454,0.580815441,0.522359087,0.565667491,BCU,unconformity,3,3,1e-06,BCU,0.6614308813338661,0.2512546985573604,0.2856554041284321,0,FALSE,
455027.2,6783328.5,-5229.7866,0.651845028,0.534906073,0.569107024,BCU,unconformity,3,3,1e-06,BCU,0.8034900569076683,0.27634866970454347,0.2925344700867277,0,FALSE,
453117.94,6783249,-5482.841,0.451380947,0.526558915,0.542537402,BCU,unconformity,3,3,1e-06,BCU,0.4025618949623041,0.25965435417148025,0.23939522479578443,0,FALSE,
453390.53,6783354,-5435.841,0.480001724,0.537583463,0.547472199,BCU,unconformity,3,3,1e-06,BCU,0.4598034480586328,0.28170345015854487,0.24926482014237525,0,FALSE,
452894.9,6783361,-5525.278,0.427962708,0.538318433,0.538081699,BCU,unconformity,3,3,1e-06,BCU,0.3557254152579762,0.28317338989101587,0.23048382016337432,0,FALSE,
454091.97,6783222,-5294.9697,0.553649904,0.523724031,0.562263079,BCU,unconformity,3,3,1e-06,BCU,0.607099809,0.25398458663194934,0.2788465802902095,0,FALSE,
455377.03,6783333,-5204.1455,0.688575672,0.535378554,0.571799229,BCU,unconformity,3,3,1e-06,BCU,0.8769513449948605,0.27729363096113196,0.29791888032590813,0,FALSE,
455679.84,6783331.5,-5177.064,0.720369419,0.53522106,0.57464267,BCU,unconformity,3,3,1e-06,BCU,0.9405388379076509,0.27697864387560245,0.3036057621637527,0,FALSE,
452576.88,6783459,-5579.65,0.394571977,0.548608011,0.532372873,BCU,unconformity,3,3,1e-06,BCU,0.2889439532979123,0.30375254614560954,0.21906616828710132,0,FALSE,
454612.56,6783566,-5258.4443,0.608309613,0.559842551,0.566098089,BCU,unconformity,3,3,1e-06,BCU,0.7164192268116989,0.32622162491338014,0.28651659981940875,0,FALSE,
452235.25,6783508,-5614.91,0.358702297,0.5537528,0.528670725,BCU,unconformity,3,3,1e-06,BCU,0.2172045946116171,0.31404212427290634,0.21166187186325464,0,FALSE,
454203.03,6783590,-5300.423,0.565310726,0.562362447,0.561690506,BCU,unconformity,3,3,1e-06,BCU,0.6304214527204425,0.33126141828185207,0.2777014342411975,0,FALSE,
451951.62,6783627,-5636.4253,0.328922368,0.566247288,0.526411711,BCU,unconformity,3,3,1e-06,BCU,0.1576447365657957,0.3390310997249129,0.20714384410239278,0,FALSE,
453185.25,6783589.5,-5488.8857,0.458448208,0.562309949,0.541902734,BCU,unconformity,3,3,1e-06,BCU,0.41669641544696384,0.33115642258667555,0.2381258898385178,0,FALSE,
451703.66,6783978,-5662.5615,0.302887636,0.603100777,0.523667523,BCU,unconformity,3,3,1e-06,BCU,0.10557527141386228,0.4127380777388147,0.20165546712584884,0,FALSE,
454996.3,6783742,-5240.458,0.648600661,0.578321793,0.567986573,BCU,unconformity,3,3,1e-06,BCU,0.7970013229457558,0.36318010961550756,0.2902935679637149,0,FALSE,
453082.4,6783977.5,-5515.5557,0.4476494,0.603048279,0.539102499,BCU,unconformity,3,3,1e-06,BCU,0.395098801,0.41263308204363824,0.23252541945780333,0,FALSE,
453443.75,6783979,-5456.6826,0.485589595,0.603205773,0.545283921,BCU,unconformity,3,3,1e-06,BCU,0.4709791898532134,0.4129480691291677,0.2448882635811943,0,FALSE,
455345,6783666,-5206.3647,0.68521266,0.57034212,0.571566223,BCU,unconformity,3,3,1e-06,BCU,0.8702253207618481,0.3472207639486798,0.29745286743243665,0,FALSE,
455962.53,6783629,-5153.4214,0.750050652,0.566457279,0.577125041,BCU,unconformity,3,3,1e-06,BCU,0.999901304,0.33945108250561895,0.30857050460931246,0,FALSE,
452565.3,6783979.5,-5582.091,0.393356126,0.603258271,0.532116579,BCU,unconformity,3,3,1e-06,BCU,0.2865122529976212,0.41305306482434423,0.2185535793032495,0,FALSE,
452131.94,6783979,-5625.8228,0.347855192,0.603205773,0.527524928,BCU,unconformity,3,3,1e-06,BCU,0.1955103840742495,0.4129480691291677,0.20937027781861042,0,FALSE,
452600.25,6783756,-5582.618,0.397025726,0.579791733,0.532061246,BCU,unconformity,3,3,1e-06,BCU,0.2938514520904608,0.3661199890804495,0.21844291384053346,0,FALSE,
453803.97,6783978.5,-5394.244,0.523411144,0.603153275,0.551839705,BCU,unconformity,3,3,1e-06,BCU,0.546622288,0.41284307343399124,0.257999832,0,FALSE,
454499.38,6783813,-5282.836,0.596426201,0.585776487,0.563537066,BCU,unconformity,3,3,1e-06,BCU,0.6926524012515481,0.3780894983305703,0.28139455282333553,0,FALSE,
454832.44,6783979,-5270.3916,0.631396067,0.603205773,0.564843674,BCU,unconformity,3,3,1e-06,BCU,0.7625921337225167,0.4129480691291677,0.2840077696814444,0,FALSE,
454309.84,6783979,-5324.286,0.576525317,0.603205773,0.559184994,BCU,unconformity,3,3,1e-06,BCU,0.6528506331240456,0.4129480691291677,0.27269040969320385,0,FALSE,
451263.53,6783979,-5690.879,0.25667588,0.603205773,0.520694307,BCU,unconformity,3,3,1e-06,BCU,0.013151760777809152,0.4129480691291677,0.19570903592952782,0,FALSE,
455356.47,6783979.5,-5218.239,0.686416961,0.603258271,0.570319473,BCU,unconformity,3,3,1e-06,BCU,0.8726339220091911,0.41305306482434423,0.29495936666596817,0,FALSE,
455961.53,6783979.5,-5164.224,0.749945656,0.603258271,0.575990815,BCU,unconformity,3,3,1e-06,BCU,0.9996913126561869,0.41305306482434423,0.30630205161588514,0,FALSE,
451498.16,6782285,-6293.1694,0.28131102,0.425343065,0.457456408,etive,sediments,4,4,1e-06,etive A,0.062422041,0.057222654,0.069233237,0,FALSE,
451741.78,6782125,-6178.9854,0.306890072,0.408543754,0.469445236,etive,sediments,4,4,1e-06,etive A,0.11358014321412975,0.023624031414712112,0.093210894,0,FALSE,
451304.1,6782096.5,-6379.891,0.260935556,0.405551376,0.448351013,etive,sediments,4,4,1e-06,etive A,0.021671111484419466,0.017639277,0.051022448,0,FALSE,
451248.88,6782467,-6438.086,0.255137693,0.444452282,0.442240789,etive,sediments,4,4,1e-06,etive A,0.010075386909132863,0.095441087,0.038801999,0,FALSE,
451757.38,6782435.5,-6155.7793,0.308528004,0.441144917,0.471881777,etive,sediments,4,4,1e-06,etive A,0.11685600890363161,0.088826358,0.098083976,0,FALSE,
451513.28,6782460,-6309.201,0.282898555,0.443717312,0.455773159,etive,sediments,4,4,1e-06,etive A,0.065597111,0.093971147,0.065866739,0,FALSE,
451402.38,6782630,-6377.634,0.271254533,0.46156658,0.448587988,etive,sediments,4,4,1e-06,etive A,0.042309065,0.12966968354297537,0.051496399,0,FALSE,
451200.9,6782886.5,-6511.59,0.2501,0.488497976,0.434523185,etive,sediments,4,4,1e-06,etive A,0,0.18353247516851898,0.023366791961529614,0,FALSE,
451626.62,6782709,-6260.6733,0.294798767,0.46986124,0.460868358,etive,sediments,4,4,1e-06,etive A,0.089397535,0.1462590033808621,0.076057139,0,FALSE,
451440.9,6782752,-6367.8604,0.275298967,0.474376055,0.449614174,etive,sediments,4,4,1e-06,etive A,0.050397933684719176,0.15528863316604094,0.053548771,0,FALSE,
451575.56,6782945,-6326.2354,0.289437687,0.494640224,0.45398462,etive,sediments,4,4,1e-06,etive A,0.078675374,0.1958169715041693,0.062289662,0,FALSE,
451453.28,6783178,-6383.2866,0.276598814,0.519104221,0.44799449,etive,sediments,4,4,1e-06,etive A,0.052997627,0.2447449654564175,0.050309401314546226,0,FALSE,
451315.3,6783487,-6452.1953,0.262111508,0.551547891,0.440759373,etive,sediments,4,4,1e-06,etive A,0.024023015056375472,0.30963230507549344,0.035839168,0,FALSE,
451689.78,6783299,-6287.66,0.301430295,0.5318087,0.458034871,etive,sediments,4,4,1e-06,etive A,0.10266059091577394,0.27015392368913005,0.070390164,0,FALSE,
451523.25,6783393,-6342.425,0.283945362,0.541678295,0.452284782,etive,sediments,4,4,1e-06,etive A,0.067690725,0.28989311438231175,0.058889986,0,FALSE,
451598.75,6783529.5,-6333.9443,0.291872537,0.556010208,0.453175219,etive,sediments,4,4,1e-06,etive A,0.083545075,0.31855693916549577,0.060670859,0,FALSE,
451471.72,6783620,-6394.657,0.278534934,0.565512318,0.446800647,etive,sediments,4,4,1e-06,etive A,0.056869868,0.33756115999244196,0.047921715,0,FALSE,
451695.7,6783634,-6321.101,0.30205187,0.566982258,0.45452371,etive,sediments,4,4,1e-06,etive A,0.10390373994666025,0.3405010394573839,0.063367842,0,FALSE,
451527.8,6783760,-6405.295,0.284423093,0.580211715,0.445683703,etive,sediments,4,4,1e-06,etive A,0.068646186,0.3669599546418615,0.045687827,0,FALSE,
451373.94,6783926.5,-6606.303,0.268268455,0.597693499,0.424578728,etive,sediments,4,4,1e-06,etive A,0.036336910186678124,0.4019235211356354,0.003477877,0,FALSE,
451280.4,6783809,-6453.091,0.258447158,0.585356504,0.440665328,etive,sediments,4,4,1e-06,etive A,0.016694315533063227,0.3772495327691583,0.035651078305789514,0,FALSE,
451701.94,6783891,-6405.1094,0.302707043,0.593966151,0.44570319,etive,sediments,4,4,1e-06,etive A,0.10521408622246099,0.394468827,0.045726801,0,FALSE,
453112.25,6782262,-6126.6753,0.450783522,0.422928164,0.474937572,etive,sediments,4,4,1e-06,etive B,0.4013670439511951,0.052392852,0.10419556498183623,0,FALSE,
453017.72,6782054.5,-6137.425,0.440858279,0.401141557,0.473808899,etive,sediments,4,4,1e-06,etive B,0.38151655782112043,0.008819638,0.10193822053295856,0,FALSE,
452757.3,6782228.5,-6264.1274,0.4135153,0.419410808,0.460505693,etive,sediments,4,4,1e-06,etive B,0.3268305999453965,0.045358140316247256,0.075331807,0,FALSE,
453419.94,6782069.5,-5989.494,0.483089647,0.402716493,0.489341018,etive,sediments,4,4,1e-06,etive B,0.4659792948489091,0.011969509250120804,0.1330024568992678,0,FALSE,
454043.5,6782238,-5719.077,0.548560763,0.420408267,0.517733639,etive,sediments,4,4,1e-06,etive B,0.5969215262174231,0.047353059,0.18978769870435397,0,FALSE,
454111.28,6782044,-5691.962,0.555677371,0.400039102,0.520580597,etive,sediments,4,4,1e-06,etive B,0.6111547426555551,0.006614729,0.19548161525377541,0,FALSE,
453906.78,6782100.5,-5804.58,0.534205752,0.405971359,0.508756192,etive,sediments,4,4,1e-06,etive B,0.5682115033283673,0.018479242351063695,0.17183280485500174,0,FALSE,
453624.9,6782277.5,-5904.025,0.504609565,0.424555597,0.498314895,etive,sediments,4,4,1e-06,etive B,0.5090191302156637,0.055647718,0.15095021104134806,0,FALSE,
453384.2,6782477,-6044.447,0.479337101,0.445502239,0.483571189,etive,sediments,4,4,1e-06,etive B,0.45847420255769494,0.097541001,0.12146280002519949,0,FALSE,
454012.47,6782402,-5739.2935,0.545302747,0.437627561,0.515610993,etive,sediments,4,4,1e-06,etive B,0.5904054933747638,0.081791647,0.1855424077612827,0,FALSE,
452669.47,6783067,-6358.8066,0.404293528,0.507449699,0.450564784,etive,sediments,4,4,1e-06,etive B,0.3083870561306894,0.22143592112723487,0.055449990550387684,0,FALSE,
452942.16,6782746.5,-6240.9746,0.432924804,0.473798578,0.462936637,etive,sediments,4,4,1e-06,etive B,0.36564960836604854,0.15413368051909948,0.080193696,0,FALSE,
452702.56,6782623,-6314.6646,0.407767836,0.46083161,0.455199504,etive,sediments,4,4,1e-06,etive B,0.3153356712374754,0.1281997438105044,0.064719431,0,FALSE,
453022.38,6782493,-6188.6816,0.441347559,0.44718217,0.468427177,etive,sediments,4,4,1e-06,etive B,0.38249511770017225,0.10090086306461485,0.091174776,0,FALSE,
453658,6782521,-5924.6577,0.508084923,0.450122049,0.49614855,etive,sediments,4,4,1e-06,etive B,0.5159698452363429,0.10678062199449875,0.14661752168161177,0,FALSE,
454048.22,6782533,-5724.065,0.549056343,0.451381997,0.51720992,etive,sediments,4,4,1e-06,etive B,0.5979126855798834,0.1093005186787347,0.18874026164927335,0,FALSE,
453840.34,6782581,-5835.9287,0.527229838,0.456421791,0.505464713,etive,sediments,4,4,1e-06,etive B,0.5542596753533137,0.11938010541567855,0.16524984775624268,0,FALSE,
453183.06,6782763,-6173.549,0.458218267,0.475531007,0.470016035,etive,sediments,4,4,1e-06,etive B,0.4162365343020903,0.15759853845992391,0.094352492,0,FALSE,
453474.3,6782682,-6046.135,0.488797213,0.467026356,0.483393956,etive,sediments,4,4,1e-06,etive B,0.47739442682849503,0.1405892358413312,0.12110833455828361,0,FALSE,
454030.4,6782669,-5722.5215,0.54718532,0.465661412,0.517371981,etive,sediments,4,4,1e-06,etive B,0.5941706390038037,0.13785934776674225,0.18906438336028314,0,FALSE,
453087.97,6783017,-6229.334,0.448234226,0.502199914,0.46415885,etive,sediments,4,4,1e-06,etive B,0.39626845299341845,0.21093635160958504,0.082638122,0,FALSE,
453777.53,6782855,-5902.92,0.520635058,0.485190611,0.498430915,etive,sediments,4,4,1e-06,etive B,0.5410701161252425,0.1769177463723996,0.15118225152768805,0,FALSE,
454221.4,6782744.5,-5610.478,0.567239497,0.473588587,0.529136066,etive,sediments,4,4,1e-06,etive B,0.634278995,0.15371369773839347,0.21259255370529906,0,FALSE,
454186.8,6782868,-5646.891,0.563606646,0.486555555,0.525312858,etive,sediments,4,4,1e-06,etive B,0.627013292,0.17964763444698856,0.20494613720837548,0,FALSE,
452832.78,6783260,-6343.491,0.421440375,0.527713868,0.452172857,etive,sediments,4,4,1e-06,etive B,0.34268075,0.2619642594653632,0.058666135,0,FALSE,
453029.56,6783342,-6288.9277,0.442101428,0.536323515,0.457901768,etive,sediments,4,4,1e-06,etive B,0.3840028558829053,0.2791835534743089,0.070123958,0,FALSE,
453386.28,6782892.5,-6122.9844,0.479555492,0.48912795,0.4753251,etive,sediments,4,4,1e-06,etive B,0.4589109846496326,0.18479242351063696,0.10497062220449002,0,FALSE,
454149.6,6783045.5,-5692.111,0.559700806,0.505192291,0.520564952,etive,sediments,4,4,1e-06,etive B,0.6192016127338712,0.21692110623464544,0.19545032653661293,0,FALSE,
453910,6783032,-5857.4595,0.534543838,0.503774849,0.503204072,etive,sediments,4,4,1e-06,etive B,0.5688876756052981,0.214086222,0.16072856512883046,0,FALSE,
452775.2,6783417.5,-6361.6543,0.415394723,0.54425069,0.450265788,etive,sediments,4,4,1e-06,etive B,0.33058944583272004,0.29503790344596015,0.054851998,0,FALSE,
453435.38,6783079.5,-6105.031,0.484710781,0.508762145,0.47721013,etive,sediments,4,4,1e-06,etive B,0.4692215619159598,0.22406081350664733,0.10874068163205358,0,FALSE,
453734.6,6783110,-5952.0303,0.516127593,0.511964514,0.493274545,etive,sediments,4,4,1e-06,etive B,0.5320551857373776,0.23046555091241372,0.14086951135003523,0,FALSE,
453952.16,6783174,-5829.4556,0.538970456,0.518684238,0.506144361,etive,sediments,4,4,1e-06,etive B,0.577740913,0.2439049998950055,0.16660914302513669,0,FALSE,
454044.3,6783332.5,-5787.3213,0.54864476,0.535326056,0.510568281,etive,sediments,4,4,1e-06,etive B,0.5970895193297031,0.27718863526595544,0.17545698326368708,0,FALSE,
453259.38,6783260,-6209.263,0.466231539,0.527713868,0.466266219,etive,sediments,4,4,1e-06,etive B,0.43226307721383245,0.2619642594653632,0.086852859,0,FALSE,
453623.1,6783286,-6030.849,0.504420573,0.530443756,0.484998921,etive,sediments,4,4,1e-06,etive B,0.5086411457130184,0.2674240356145411,0.12431826295121953,0,FALSE,
453368.3,6783451.5,-6163.216,0.47766767,0.547820543,0.471100955,etive,sediments,4,4,1e-06,etive B,0.45513533945107737,0.30217761071796206,0.096522333,0,FALSE,
453712.16,6783478.5,-5988.9043,0.513771489,0.550655427,0.489402934,etive,sediments,4,4,1e-06,etive B,0.5273429789378559,0.3078473782574929,0.13312628882215888,0,FALSE,
453218.47,6783601,-6222.16,0.461936165,0.5635174,0.464912089,etive,sediments,4,4,1e-06,etive B,0.4236723294344845,0.33357132357573505,0.0841446,0,FALSE,
453034.38,6783799,-6283.3696,0.442607507,0.584306548,0.458485345,etive,sediments,4,4,1e-06,etive B,0.3850150143844082,0.37514961886562836,0.071291111,0,FALSE,
454012.56,6783519,-5812.2134,0.545312196,0.554907753,0.507954717,etive,sediments,4,4,1e-06,etive B,0.5904243925999009,0.3163520295667893,0.17022985657588124,0,FALSE,
453916.34,6783618,-5889.09,0.535209511,0.565302327,0.499883005,etive,sediments,4,4,1e-06,etive B,0.5702190210201414,0.337141177,0.15408643245626996,0,FALSE,
453406.12,6783963,-6179.953,0.481638607,0.601525842,0.469343643,etive,sediments,4,4,1e-06,etive B,0.4630772138342292,0.40958820688351977,0.093007707,0,FALSE,
453762.56,6783942.5,-6000.796,0.519063273,0.59937343,0.488154356,etive,sediments,4,4,1e-06,etive B,0.5379265450116518,0.40528338338128334,0.1306291342054981,0,FALSE,
453429.88,6783711,-6125.8916,0.484133305,0.575066926,0.475019857,etive,sediments,4,4,1e-06,etive B,0.46806660926901833,0.3566703765145646,0.10436013523445586,0,FALSE,
452678.12,6783584.5,-6359.2188,0.405201741,0.561784971,0.450521505,etive,sediments,4,4,1e-06,etive B,0.3102034816572477,0.3301064656349106,0.055363432,0,FALSE,
453783.62,6783729,-5964.3174,0.521274482,0.576956849,0.491984452,etive,sediments,4,4,1e-06,etive B,0.5423489636924854,0.3604502215409186,0.138289326,0,FALSE,
454015.7,6783679,-5850.3647,0.545641883,0.571707064,0.503948995,etive,sediments,4,4,1e-06,etive B,0.5910837655656123,0.34995065202326875,0.16221841204510687,0,FALSE,
454028.8,6783801.5,-5835.9824,0.547017326,0.584569037,0.505459075,etive,sediments,4,4,1e-06,etive B,0.5938346527792316,0.3756745973415108,0.16523857121858082,0,FALSE,
454082.62,6783909,-5829.1875,0.552668195,0.595856074,0.50617251,etive,sediments,4,4,1e-06,etive B,0.6051363894080314,0.39824867180445794,0.16666544171689038,0,FALSE,
455375.3,6782442,-5860.9404,0.68839403,0.441827389,0.502838592,etive,sediments,4,4,1e-06,etive C,0.8765880598895415,0.090191302,0.1599976060981506,0,FALSE,
455522.88,6782424,-5809.214,0.703889295,0.439937467,0.508269642,etive,sediments,4,4,1e-06,etive C,0.9075785892778402,0.086411457,0.17085970475210596,0,FALSE,
455495.75,6782257.5,-5869.93,0.701040761,0.422455683,0.501894723,etive,sediments,4,4,1e-06,etive C,0.9018815228575624,0.051447891,0.15810986749543335,0,FALSE,
455718.88,6782388,-5721.2803,0.724468451,0.436157622,0.517502302,etive,sediments,4,4,1e-06,etive C,0.9487369017870274,0.078851767,0.18932502467398918,0,FALSE,
455441.56,6782078.5,-5931.369,0.695351045,0.403661454,0.495443892,etive,sediments,4,4,1e-06,etive C,0.890502089,0.013859431763297772,0.14520820646353572,0,FALSE,
455254.6,6782055,-5859.9863,0.67572105,0.401194055,0.502938769,etive,sediments,4,4,1e-06,etive C,0.8512420990739323,0.008924634,0.1601979588836866,0,FALSE,
455828.97,6782207,-5791.9053,0.736027427,0.417153401,0.510086981,etive,sediments,4,4,1e-06,etive C,0.971854854,0.040843325,0.1744943827303088,0,FALSE,
455919.06,6782360,-5576.109,0.745486489,0.433217742,0.532744663,etive,sediments,4,4,1e-06,etive C,0.9907729783078888,0.072972008,0.21980974780034113,0,FALSE,
455728.8,6782553,-5707.076,0.725510008,0.453481911,0.518993692,etive,sediments,4,4,1e-06,etive C,0.9508200163793258,0.11350034648579464,0.19230780537998032,0,FALSE,
455508.44,6782603,-5818.3584,0.702373157,0.458731696,0.507309519,etive,sediments,4,4,1e-06,etive C,0.9045463136011423,0.12399991600344447,0.168939459,0,FALSE,
455904.97,6782545.5,-5588.9478,0.7440071,0.452694444,0.531396644,etive,sediments,4,4,1e-06,etive C,0.9878141996178097,0.11192541105814717,0.21711371033787719,0,FALSE,
455256.66,6782772.5,-5882.0137,0.675937341,0.476528466,0.500625986,etive,sediments,4,4,1e-06,etive C,0.851674681,0.15959345666827737,0.1555723945318248,0,FALSE,
455664.53,6782781,-5750.72,0.718761935,0.47742093,0.51441126,etive,sediments,4,4,1e-06,etive C,0.93732387,0.16137838348627787,0.18314294113941407,0,FALSE,
455493.78,6782949.5,-5840.188,0.70083392,0.495112704,0.505017505,etive,sediments,4,4,1e-06,etive C,0.9014678398185728,0.19676193276075776,0.1643554314273122,0,FALSE,
454911.38,6783938.5,-5927.287,0.639684427,0.598953447,0.495872485,etive,sediments,4,4,1e-06,etive C,0.7791688540769828,0.40444341781987136,0.14606539131895654,0,FALSE,
455275.88,6783095.5,-5883.414,0.677955358,0.510442076,0.500478961,etive,sediments,4,4,1e-06,etive C,0.855710716,0.22742067575229527,0.15527834358791365,0,FALSE,
455855.88,6782746,-5657.404,0.738852861,0.473746081,0.524209038,etive,sediments,4,4,1e-06,etive C,0.977505722,0.15402868482392298,0.20273849772159427,0,FALSE,
455960.88,6782821,-5614.898,0.749877409,0.481620758,0.528671985,etive,sediments,4,4,1e-06,etive C,0.9995548182524526,0.1697780391003977,0.2116643917599388,0,FALSE,
455900.8,6782906.5,-5647.422,0.743569268,0.49059789,0.525257105,etive,sediments,4,4,1e-06,etive C,0.9869385355200412,0.1877323029755789,0.20483463178009806,0,FALSE,
455396.47,6783219.5,-5865.8184,0.690616789,0.523461542,0.502326423,etive,sediments,4,4,1e-06,etive C,0.881033578,0.25345960815606683,0.15897326809600879,0,FALSE,
455655.12,6783021.5,-5794.298,0.717773925,0.502672395,0.509835757,etive,sediments,4,4,1e-06,etive C,0.9353478507381184,0.2118813128661735,0.1739919363306113,0,FALSE,
455800.25,6783055,-5730.269,0.733011951,0.50618975,0.516558527,etive,sediments,4,4,1e-06,etive C,0.9658239012200498,0.2189160244429989,0.1874374750635232,0,FALSE,
455075.88,6783916.5,-5912.3916,0.656956219,0.596643542,0.497436438,etive,sediments,4,4,1e-06,etive C,0.8137124377900506,0.3998236072321054,0.14919329707482062,0,FALSE,
455521.53,6783504,-5806.779,0.70374755,0.553332817,0.508525306,etive,sediments,4,4,1e-06,etive C,0.9072951009008685,0.31320215871149437,0.1713710337876154,0,FALSE,
455558.2,6783082,-5827.2324,0.707597743,0.509024634,0.506377787,etive,sediments,4,4,1e-06,etive C,0.9149954851851094,0.22458579198252981,0.16707599588416955,0,FALSE,
455668.22,6783299,-5769.555,0.719149369,0.5318087,0.512433666,etive,sediments,4,4,1e-06,etive C,0.9380987379517378,0.27015392368913005,0.1791877533021154,0,FALSE,
455646,6783158,-5814.243,0.716816365,0.517004307,0.507741618,etive,sediments,4,4,1e-06,etive C,0.9334327292581001,0.24054513764935756,0.16980365805002065,0,FALSE,
455929.22,6783205.5,-5670.8384,0.746553245,0.521991602,0.522798484,etive,sediments,4,4,1e-06,etive C,0.992906491,0.2505197286911249,0.19991738938703613,0,FALSE,
455951.66,6783533.5,-5685.971,0.748909349,0.55643019,0.521209626,etive,sediments,4,4,1e-06,etive C,0.9976186976333916,0.31939690472690774,0.1967396736733804,0,FALSE,
455261.75,6783981.5,-5852.939,0.676471769,0.603468262,0.503678705,etive,sediments,4,4,1e-06,etive C,0.8527435375149611,0.4134730476050502,0.16167783120892112,0,FALSE,
455853.16,6782064,-5807.736,0.738567273,0.402139016,0.508424825,etive,sediments,4,4,1e-06,etive C,0.9769345456836215,0.010814556603179322,0.1711700720270477,0,FALSE,
451436.28,6782319.5,-6070.118,0.274813887,0.428965417,0.480875845,ness,sediments,5,4,1e-06,ness A,0.049427773,0.064467357,0.11607211104344765,0,FALSE,
451488.84,6782070.5,-6029.546,0.28033246,0.402821488,0.48513573,ness,sediments,5,4,1e-06,ness A,0.060464920938242316,0.012179501,0.12459188173284946,0,FALSE,
451318.94,6782071.5,-6117.2446,0.262493692,0.402926484,0.475927755,ness,sediments,5,4,1e-06,ness A,0.024787383717263314,0.012389492030826796,0.10617593078683822,0,FALSE,
451614.97,6782262,-5961.212,0.293575568,0.422928164,0.492310506,ness,sediments,5,4,1e-06,ness A,0.086951135,0.052392852,0.13894143340123108,0,FALSE,
451709.88,6782070,-5889.612,0.303540709,0.402768991,0.499828198,ness,sediments,5,4,1e-06,ness A,0.10688141786186428,0.012074504945297302,0.15397681695050572,0,FALSE,
451287.47,6782295,-6147.741,0.259189477,0.426393022,0.472725764,ness,sediments,5,4,1e-06,ness A,0.018178954662848155,0.059322568,0.099771949,0,FALSE,
451316.1,6782595.5,-6162.699,0.262195504,0.457944228,0.471155238,ness,sediments,5,4,1e-06,ness A,0.024191008168655423,0.122424981,0.096630898,0,FALSE,
451581.75,6782401,-6032.629,0.290087611,0.437522566,0.484812028,ness,sediments,5,4,1e-06,ness A,0.079975221,0.081581655,0.12394447827639125,0,FALSE,
451709.72,6782477,-5947.7915,0.30352391,0.445502239,0.493719601,ness,sediments,5,4,1e-06,ness A,0.10684781923940095,0.097541001,0.1417596228554635,0,FALSE,
451488,6782599.5,-6088.171,0.280244264,0.458364211,0.478980357,ness,sediments,5,4,1e-06,ness A,0.060288528,0.12326494613720898,0.11228113647340504,0,FALSE,
451639.1,6782572,-6006.0366,0.296109114,0.45547683,0.487604116,ness,sediments,5,4,1e-06,ness A,0.092018227,0.11749018290250157,0.12952865332521418,0,FALSE,
451484.62,6782919.5,-6140.0312,0.279889379,0.491962834,0.47353526,ness,sediments,5,4,1e-06,ness A,0.059578757,0.19046219105016787,0.10139094097142055,0,FALSE,
451328.25,6782890,-6200.2715,0.263471202,0.488865461,0.467210287,ness,sediments,5,4,1e-06,ness A,0.026742403561449222,0.18426744503475448,0.088740997,0,FALSE,
451591.2,6782772,-6056.323,0.29107982,0.476475969,0.48232426,ness,sediments,5,4,1e-06,ness A,0.08195964,0.15948846097310088,0.11896894227336727,0,FALSE,
451338.84,6783234,-6221.0703,0.264583106,0.52498398,0.465026503,ness,sediments,5,4,1e-06,ness A,0.028966212385292834,0.2565044833161853,0.084373428,0,FALSE,
451645.22,6782934,-6047.2065,0.296751687,0.493485271,0.483281454,ness,sediments,5,4,1e-06,ness A,0.093303375,0.19350706621028632,0.12088332878352037,0,FALSE,
451589.03,6783064.5,-6070.074,0.290851979,0.507187209,0.480880465,ness,sediments,5,4,1e-06,ness A,0.081503958,0.2209109426513524,0.11608135066462336,0,FALSE,
451516.03,6783129.5,-6130.219,0.283187293,0.51401193,0.474565498,ness,sediments,5,4,1e-06,ness A,0.066174587,0.23456038302429716,0.10345141849184228,0,FALSE,
451567.25,6783299,-6079.071,0.288565173,0.5318087,0.479935818,ness,sediments,5,4,1e-06,ness A,0.076930346,0.27015392368913005,0.11419205812561738,0,FALSE,
451593.25,6783164.5,-6042.6455,0.291295061,0.517686779,0.483760339,ness,sediments,5,4,1e-06,ness A,0.082390122,0.24191008168665204,0.12184109951492052,0,FALSE,
451340.78,6783564,-6227.586,0.264786798,0.559632559,0.464342383,ness,sediments,5,4,1e-06,ness A,0.029373595682578135,0.32580164213267415,0.083005187,0,FALSE,
451553.62,6783541,-6089.2344,0.287134082,0.557217658,0.478868705,ness,sediments,5,4,1e-06,ness A,0.074068163,0.3209718401545552,0.11205783162890366,0,FALSE,
451519.2,6783710,-6135.52,0.28352013,0.574961931,0.474008916,ness,sediments,5,4,1e-06,ness A,0.06684026,0.35646038512421163,0.10233825413158097,0,FALSE,
451654.88,6783775,-6052.2456,0.297765946,0.581786651,0.48275237,ness,sediments,5,4,1e-06,ness A,0.095331891,0.37010982549715643,0.11982516116839259,0,FALSE,
451789.97,6783876,-6002.831,0.311949814,0.592391216,0.48794069,ness,sediments,5,4,1e-06,ness A,0.12369962831522892,0.3913189559228091,0.1302018017261298,0,FALSE,
451556.72,6783913,-6122.5347,0.287459568,0.596276057,0.475372317,ness,sediments,5,4,1e-06,ness A,0.074719137,0.39908863736586997,0.10506505533273179,0,FALSE,
451329.66,6783907.5,-6246.069,0.263619246,0.59569858,0.462401747,ness,sediments,5,4,1e-06,ness A,0.027038491,0.3979336847189285,0.079123916,0,FALSE,
451981.7,6783889.5,-5908.1094,0.332080639,0.593808658,0.49788605,ness,sediments,5,4,1e-06,ness A,0.16396127758761728,0.39415383969257456,0.15009252220659017,0,FALSE,
453022.72,6782287,-5900.4795,0.441383257,0.425553056,0.498687157,ness,sediments,5,4,1e-06,ness B,0.38256651477288545,0.057642636651897554,0.15169473551584448,0,FALSE,
453172.44,6782013.5,-5820.651,0.457103213,0.396836734,0.507068806,ness,sediments,5,4,1e-06,ness B,0.41400642573654245,0.000209991,0.16845803322063876,0,FALSE,
452761.03,6782012.5,-5974.7334,0.413906934,0.396731738,0.490890817,ness,sediments,5,4,1e-06,ness B,0.3276138678314215,0,0.13610205581571216,0,FALSE,
452697.62,6782424,-6018.8896,0.407249157,0.439937467,0.486254606,ness,sediments,5,4,1e-06,ness B,0.31429831376913114,0.086411457,0.1268296339850071,0,FALSE,
452537.4,6782094,-6035.3896,0.390426747,0.405288887,0.484522177,ness,sediments,5,4,1e-06,ness B,0.2806534932067799,0.017114298,0.12336477604418265,0,FALSE,
453590.4,6782215,-5659.782,0.500987214,0.417993366,0.523959358,ness,sediments,5,4,1e-06,ness B,0.5017744272484853,0.042523257,0.2022391381953349,0,FALSE,
453789.7,6782064,-5587.0293,0.521912856,0.402139016,0.531598079,ness,sediments,5,4,1e-06,ness B,0.543625711,0.010814556603179322,0.21751657882026937,0,FALSE,
453510.28,6782014,-5685.963,0.492574959,0.396889232,0.521210466,ness,sediments,5,4,1e-06,ness B,0.4849499170534042,0.000314987,0.19674135360450318,0,FALSE,
453924.66,6782309,-5550.831,0.536083075,0.427862962,0.535398744,ness,sediments,5,4,1e-06,ness B,0.5719661493878676,0.062262447239663475,0.22511791016568422,0,FALSE,
454035.1,6782064,-5502.556,0.547678799,0.402139016,0.540467411,ness,sediments,5,4,1e-06,ness B,0.5951575985384531,0.010814556603179322,0.23525524453497526,0,FALSE,
453448.62,6782520.5,-5744.592,0.486100924,0.450069551,0.515054673,ness,sediments,5,4,1e-06,ness B,0.47200184792423155,0.10667562629932224,0.18442976837949737,0,FALSE,
453773.6,6782337,-5601.8774,0.520222425,0.430802841,0.530039092,ness,sediments,5,4,1e-06,ness B,0.5402448499611444,0.068142206,0.214398606,0,FALSE,
453025.1,6782590.5,-5899.7876,0.441633147,0.45741925,0.498759803,ness,sediments,5,4,1e-06,ness B,0.3830662942819265,0.121375024,0.15184002855882986,0,FALSE,
454052.75,6782523,-5485.8936,0.549531973,0.45033204,0.542216892,ness,sediments,5,4,1e-06,ness B,0.5988639465781883,0.10720060477520474,0.23875420507759287,0,FALSE,
453900.6,6782466,-5562.9004,0.533556878,0.444347286,0.534131509,ness,sediments,5,4,1e-06,ness B,0.566913757,0.095231096,0.22258344007895772,0,FALSE,
452342.84,6782680,-6116.3936,0.369998784,0.466816365,0.476017106,ness,sediments,5,4,1e-06,ness B,0.23979756829970136,0.1401692530606252,0.10635463346002855,0,FALSE,
452556.53,6782859.5,-6095.1206,0.392435314,0.485663092,0.478250679,ness,sediments,5,4,1e-06,ness B,0.2846706285042337,0.1778627076289881,0.11082178030700787,0,FALSE,
452809.12,6782774,-5985.046,0.418956177,0.47668596,0.489808038,ness,sediments,5,4,1e-06,ness B,0.33771235379349024,0.1599084437538069,0.1339364986035578,0,FALSE,
453773.2,6782594,-5594.759,0.520180427,0.457786735,0.530786493,ness,sediments,5,4,1e-06,ness B,0.5401608534050106,0.1221099934902675,0.21589340837025783,0,FALSE,
453927.62,6782693,-5510.118,0.536393862,0.468181309,0.539673434,ness,sediments,5,4,1e-06,ness B,0.5725877239033169,0.14289914113521415,0.23366728964112574,0,FALSE,
454044.44,6782728.5,-5454.994,0.548659459,0.471908656,0.545461217,ness,sediments,5,4,1e-06,ness B,0.5971189181243555,0.15035383549274553,0.24524285504294446,0,FALSE,
452747.62,6783237,-6085.671,0.412498942,0.525298967,0.479242847,ness,sediments,5,4,1e-06,ness B,0.32479788328678094,0.2571344574872443,0.11280611494928752,0,FALSE,
453371.4,6782842,-5818.4004,0.477993156,0.483825667,0.507305109,ness,sediments,5,4,1e-06,ness B,0.45578631276117904,0.17418785829781064,0.1689306398437671,0,FALSE,
453698.7,6782837.5,-5655.616,0.512358247,0.483353187,0.52439677,ness,sediments,5,4,1e-06,ness B,0.5245164948237123,0.17324289704122214,0.20311396232754553,0,FALSE,
452386,6783067,-6138.563,0.374530398,0.507449699,0.473689414,ness,sediments,5,4,1e-06,ness B,0.24886079670733133,0.22143592112723487,0.10169925033073687,0,FALSE,
453082.94,6783005,-5939.2993,0.447706098,0.500939966,0.494611245,ness,sediments,5,4,1e-06,ness B,0.39521219629994925,0.20841645492534908,0.14354291174061937,0,FALSE,
452427.78,6783210,-6165.336,0.378917118,0.522464083,0.470878365,ness,sediments,5,4,1e-06,ness B,0.2576342369962854,0.25146468994771337,0.096077151,0,FALSE,
452489.3,6783124,-6134.0605,0.385376454,0.513434453,0.474162157,ness,sediments,5,4,1e-06,ness B,0.2705529073307934,0.23340543037735567,0.10264473656580135,0,FALSE,
453547.38,6783137,-5780.8203,0.496470299,0.514799397,0.511250858,ness,sediments,5,4,1e-06,ness B,0.49274059763549544,0.23613531845194463,0.17682213729237176,0,FALSE,
453908.8,6783092.5,-5562.231,0.534417843,0.510127089,0.534201793,ness,sediments,5,4,1e-06,ness B,0.5686356859368721,0.22679070158123626,0.22272400831566014,0,FALSE,
453072.94,6783325.5,-6018.3564,0.446656141,0.534591086,0.48631059,ness,sediments,5,4,1e-06,ness B,0.39311228239641927,0.2757186955334845,0.1269416013943435,0,FALSE,
452435.16,6783365,-6152.1636,0.379691987,0.538738416,0.47226141,ness,sediments,5,4,1e-06,ness B,0.2591839734570793,0.28401335545242784,0.098843241,0,FALSE,
453943.56,6783321,-5605.151,0.538067493,0.534118605,0.529695378,ness,sediments,5,4,1e-06,ness B,0.5759349866655441,0.274773734,0.2137111778417095,0,FALSE,
453780.06,6783385,-5737.4126,0.520900697,0.54083833,0.515808479,ness,sediments,5,4,1e-06,ness B,0.5416013943428292,0.28821318325948775,0.18593738056739767,0,FALSE,
453409.7,6783483,-5931.3174,0.482014492,0.551127908,0.49544931,ness,sediments,5,4,1e-06,ness B,0.46382898301169634,0.3087923395140814,0.1452190420192779,0,FALSE,
452523.9,6783583.5,-6117.7803,0.389009305,0.561679975,0.475871508,ness,sediments,5,4,1e-06,ness B,0.2778186094370144,0.3298964742445576,0.10606343839902604,0,FALSE,
453968.4,6783615,-5636.363,0.540675586,0.56498734,0.526418252,ness,sediments,5,4,1e-06,ness B,0.581151173,0.336511203,0.2071569265660117,0,FALSE,
452691.28,6783614.5,-6122.423,0.406583484,0.564934842,0.475384045,ness,sediments,5,4,1e-06,ness B,0.312966968,0.3364062073455005,0.1050885113710343,0,FALSE,
453748.94,6783667,-5778.6562,0.517633231,0.570447116,0.511478079,ness,sediments,5,4,1e-06,ness B,0.535066462,0.3474307553390328,0.1772765796602347,0,FALSE,
452987.56,6783641,-6082.1826,0.437691609,0.567717228,0.479609114,ness,sediments,5,4,1e-06,ness B,0.3751832174880794,0.34197097918985486,0.11353864891539496,0,FALSE,
452710.8,6783950.5,-6153.306,0.408633,0.600213395,0.472141463,ness,sediments,5,4,1e-06,ness B,0.3170660002939822,0.40696331450410733,0.098603347,0,FALSE,
453443.53,6783921.5,-5914.5156,0.485566496,0.59716852,0.497213427,ness,sediments,5,4,1e-06,ness B,0.47093299174734166,0.40087356418387043,0.14874727536171092,0,FALSE,
453777.22,6783917.5,-5745.0386,0.520602509,0.596748537,0.515007782,ness,sediments,5,4,1e-06,ness B,0.5410050187942214,0.4000335986224584,0.18433598622456568,0,FALSE,
453084.06,6783938,-6040.434,0.447823693,0.598900949,0.483992537,ness,sediments,5,4,1e-06,ness B,0.39544738665714363,0.40433842212469484,0.12230549547468605,0,FALSE,
455453.3,6782674,-5585.7383,0.696583694,0.46618639,0.531733628,ness,sediments,5,4,1e-06,ness C,0.8929673883370752,0.1389093047185072,0.21778767770521512,0,FALSE,
455438.62,6782489,-5589.465,0.695042357,0.446762187,0.531342341,ness,sediments,5,4,1e-06,ness C,0.8898847147266947,0.10006089750320286,0.21700510279078655,0,FALSE,
455314.53,6782416.5,-5637.9707,0.682013442,0.439149999,0.526249451,ness,sediments,5,4,1e-06,ness C,0.8638268830977982,0.084836522,0.20681932340774128,0,FALSE,
455830,6782506,-5399.428,0.736135573,0.448547114,0.551295407,ness,sediments,5,4,1e-06,ness C,0.9720711450830515,0.1036307511392038,0.25691123663929905,0,FALSE,
455613.56,6782401.5,-5504.8984,0.713410304,0.437575064,0.54022147,ness,sediments,5,4,1e-06,ness C,0.9266206085550484,0.081686651,0.2347633607022123,0,FALSE,
455105.5,6782763,-5702.283,0.660066191,0.475531007,0.519496936,ness,sediments,5,4,1e-06,ness C,0.8199323827723054,0.15759853845992391,0.19331429411394216,0,FALSE,
455312,6782845,-5637.249,0.681747802,0.484140654,0.526325226,ness,sediments,5,4,1e-06,ness C,0.8632956048801993,0.17481783246886964,0.20697087419415905,0,FALSE,
454871.28,6783229,-5770.5957,0.6354741,0.524459001,0.512324397,ness,sediments,5,4,1e-06,ness C,0.7707481993238324,0.2554545263644203,0.1789692152621751,0,FALSE,
455151.7,6782937,-5709.176,0.664916993,0.493800258,0.518773201,ness,sediments,5,4,1e-06,ness C,0.8296339850066163,0.19413704038134533,0.19186682346023895,0,FALSE,
455645.78,6782766,-5506.954,0.716793266,0.475845994,0.54000564,ness,sediments,5,4,1e-06,ness C,0.9333865311522282,0.1582285126309829,0.23433170240020276,0,FALSE,
455753.7,6782925.5,-5501.551,0.728124401,0.492592808,0.540572932,ness,sediments,5,4,1e-06,ness C,0.9560488019991202,0.19172213939228586,0.23546628588227986,0,FALSE,
455911.3,6783283,-5492.4854,0.744671723,0.530128769,0.541524781,ness,sediments,5,4,1e-06,ness C,0.9891434451187476,0.2667940614434821,0.23736998383066416,0,FALSE,
455510.5,6782874,-5593.0225,0.702589448,0.487185529,0.530968818,ness,sediments,5,4,1e-06,ness C,0.904978896,0.18090758278910654,0.2162580584196058,0,FALSE,
455596.7,6782975.5,-5586.9136,0.711640077,0.497842593,0.531610227,ness,sediments,5,4,1e-06,ness C,0.9230801537136998,0.20222170890993568,0.21754087482413326,0,FALSE,
455381.84,6783008,-5669.674,0.689080702,0.501254953,0.522920741,ness,sediments,5,4,1e-06,ness C,0.8779614035824579,0.20904642909640808,0.2001619033619631,0,FALSE,
455172.47,6783489.5,-5673.767,0.667097753,0.55181038,0.522490993,ness,sediments,5,4,1e-06,ness C,0.8339955061842398,0.3101572835513759,0.19930240860124832,0,FALSE,
455352.5,6783296.5,-5684.636,0.686000128,0.531546211,0.521349795,ness,sediments,5,4,1e-06,ness C,0.8718002561894956,0.2696289452132476,0.19702001217950146,0,FALSE,
455177,6783177,-5732.828,0.667573384,0.518999225,0.516289843,ness,sediments,5,4,1e-06,ness C,0.8349467671825447,0.24453497406606448,0.18690010709560986,0,FALSE,
455444.47,6783151.5,-5639.8623,0.695656582,0.516321835,0.526050841,ness,sediments,5,4,1e-06,ness C,0.8911131643602548,0.23918019361206308,0.20642210369374955,0,FALSE,
455660.72,6783166,-5568.805,0.718361901,0.517844272,0.533511552,ness,sediments,5,4,1e-06,ness C,0.9365238025240903,0.24222506877218153,0.22134352491547943,0,FALSE,
455530.56,6783400,-5610.494,0.704695662,0.542413265,0.529134386,ness,sediments,5,4,1e-06,ness C,0.9091913231557497,0.2913630541147827,0.2125891938430535,0,FALSE,
455006.34,6783323,-5763.5786,0.649654818,0.534328597,0.513061162,ness,sediments,5,4,1e-06,ness C,0.7991096365049077,0.275193717,0.18044274584742112,0,FALSE,
454947.94,6783645.5,-5707.6104,0.64352307,0.568189708,0.518937582,ness,sediments,5,4,1e-06,ness C,0.7868461393082878,0.34291594044644336,0.19219558598097577,0,FALSE,
454722.5,6783572.5,-5843.742,0.61985284,0.560525023,0.50464435,ness,sediments,5,4,1e-06,ness C,0.7395056802671077,0.3275865689506746,0.16360912202599764,0,FALSE,
455136.78,6783700.5,-5671.633,0.663350457,0.573964472,0.522715054,ness,sediments,5,4,1e-06,ness C,0.826500913,0.3544654669158582,0.1997505302282616,0,FALSE,
455397.47,6783879.5,-5608.205,0.690721785,0.592758701,0.529374721,ness,sediments,5,4,1e-06,ness C,0.881243569,0.3920539257890446,0.21306986413557144,0,FALSE,
454771.06,6783839,-5823.7573,0.624951431,0.588506375,0.506742658,ness,sediments,5,4,1e-06,ness C,0.7497028621826488,0.3835492744797482,0.16780573696478518,0,FALSE,
455292.7,6783707,-5649.3945,0.679721386,0.574646944,0.525050001,ness,sediments,5,4,1e-06,ness C,0.8592427710463889,0.35583041095315265,0.20442042376262662,0,FALSE,
455077.16,6783943,-5621.613,0.657090613,0.599425928,0.527966939,ness,sediments,5,4,1e-06,ness C,0.8139812267696962,0.40538837907645986,0.2102542995737184,0,FALSE,
454916.72,6783827,-5708.0757,0.640245104,0.587246427,0.518888728,ness,sediments,5,4,1e-06,ness C,0.7802902081014609,0.38102937779551227,0.19209787698704436,0,FALSE,
451484.53,6782221,-5791.542,0.279879929,0.418623341,0.510125125,tarbert,sediments,6,4,1e-06,tarbert A,0.059559858,0.043783205,0.17457067260242404,0,FALSE,
451399,6782036.5,-5795.1763,0.270899647,0.399251635,0.50974354,tarbert,sediments,6,4,1e-06,tarbert A,0.041599294428923725,0.005039793,0.1738075008924642,0,FALSE,
451270.7,6782359.5,-5893.229,0.2574287,0.433165244,0.499448428,tarbert,sediments,6,4,1e-06,tarbert A,0.014657399046636715,0.072867012,0.15321727809159888,0,FALSE,
451623.88,6782302,-5749.1777,0.294511079,0.427127992,0.514573195,tarbert,sediments,6,4,1e-06,tarbert A,0.088822158,0.060792508,0.18346681086075553,0,FALSE,
451469.75,6782431.5,-5798.2817,0.278328093,0.440724934,0.509417486,tarbert,sediments,6,4,1e-06,tarbert A,0.056456185,0.087986393,0.17315539362886212,0,FALSE,
451595.06,6782560,-5772.412,0.291485103,0.454216881,0.512133693,tarbert,sediments,6,4,1e-06,tarbert A,0.082770206,0.11497028621826562,0.17858780789987688,0,FALSE,
451370.78,6782515,-5814.379,0.267936669,0.449492075,0.507727339,tarbert,sediments,6,4,1e-06,tarbert A,0.035673337,0.10552067365238077,0.16977509922093276,0,FALSE,
451441.53,6782591,-5823.6294,0.275365114,0.457471748,0.506756087,tarbert,sediments,6,4,1e-06,tarbert A,0.050530228,0.1214800193192085,0.1678325948636114,0,FALSE,
451322.62,6782720,-5849.205,0.262880076,0.471016192,0.504070759,tarbert,sediments,6,4,1e-06,tarbert A,0.025560152033760872,0.14856890867474506,0.16246193906049927,0,FALSE,
451462.88,6782992,-5805.667,0.277606772,0.499575022,0.508642061,tarbert,sediments,6,4,1e-06,tarbert A,0.055013544,0.20568656685076012,0.17160454421368795,0,FALSE,
451330.94,6782985,-5841.848,0.26375364,0.498840052,0.504843212,tarbert,sediments,6,4,1e-06,tarbert A,0.02730728,0.20421662711828914,0.16400684571932628,0,FALSE,
451451.47,6783132.5,-5824.393,0.276408771,0.514326917,0.506675912,tarbert,sediments,6,4,1e-06,tarbert A,0.052617543,0.23519035719535614,0.16767224543793782,0,FALSE,
451336.75,6783300,-5842.106,0.264363665,0.531913696,0.504816123,tarbert,sediments,6,4,1e-06,tarbert A,0.028527330379449694,0.27036391507948304,0.16395266794061525,0,FALSE,
451469.28,6783280,-5789.9775,0.278278745,0.529813782,0.510289391,tarbert,sediments,6,4,1e-06,tarbert A,0.056357489342938195,0.26616408727242313,0.17489920413263138,0,FALSE,
451478.88,6783423,-5805.6113,0.279286703,0.544828166,0.50864791,tarbert,sediments,6,4,1e-06,tarbert A,0.058373407,0.29619285609290164,0.1716162407341308,0,FALSE,
451349.03,6783613.5,-5855.7183,0.265653012,0.564829846,0.50338689,tarbert,sediments,6,4,1e-06,tarbert A,0.031106024652990356,0.3361962159551475,0.161094202,0,FALSE,
451500.5,6783631,-5801.481,0.28155671,0.566667271,0.509081573,tarbert,sediments,6,4,1e-06,tarbert A,0.062913421,0.33987106528632494,0.17248356817370572,0,FALSE,
451557.62,6783913,-5805.9497,0.287554064,0.596276057,0.508612379,tarbert,sediments,6,4,1e-06,tarbert A,0.074908129,0.39908863736586997,0.17154517964763522,0,FALSE,
451347.9,6783838,-5850.363,0.265534367,0.58840138,0.503949174,tarbert,sediments,6,4,1e-06,tarbert A,0.030868734381890493,0.3833392830893952,0.16221876903047044,0,FALSE,
452727.66,6782477,-5824.868,0.410403228,0.445502239,0.506626039,tarbert,sediments,6,4,1e-06,tarbert B,0.32060645513533076,0.097541001,0.16757249952752007,0,FALSE,
452770.72,6782343,-5791.1904,0.414924342,0.431432815,0.510162042,tarbert,sediments,6,4,1e-06,tarbert B,0.3296486844039303,0.069402155,0.17464450557527214,0,FALSE,
452690.75,6782126,-5807.2056,0.406527836,0.40864875,0.508480515,tarbert,sediments,6,4,1e-06,tarbert B,0.312855673,0.023834022805065108,0.17128145146049087,0,FALSE,
453544.25,6782393,-5476.0215,0.496141662,0.4366826,0.54325342,tarbert,sediments,6,4,1e-06,tarbert B,0.4920833245836896,0.079901724,0.2408272610822968,0,FALSE,
453728.84,6782190.5,-5481.8887,0.515522818,0.415420972,0.542637389,tarbert,sediments,6,4,1e-06,tarbert B,0.5308456353289546,0.037378467,0.23959519959681758,0,FALSE,
453424.3,6782118,-5481.3896,0.483547429,0.407808784,0.542689792,tarbert,sediments,6,4,1e-06,tarbert B,0.4668948573108452,0.022154091682241136,0.23970000629974275,0,FALSE,
452419.38,6782520,-5935.528,0.378035155,0.450017053,0.495007215,tarbert,sediments,6,4,1e-06,tarbert B,0.2558703093173153,0.10657063060414575,0.1443348522710575,0,FALSE,
452558.06,6782405.5,-5880.0728,0.392595958,0.437995046,0.500829773,tarbert,sediments,6,4,1e-06,tarbert B,0.28499191533146745,0.082526616,0.15597996682136106,0,FALSE,
452427.22,6782114,-5869.079,0.378858321,0.407388801,0.501984074,tarbert,sediments,6,4,1e-06,tarbert B,0.257516642,0.021314126,0.15828857016862388,0,FALSE,
452939.22,6782486.5,-5721.8687,0.432616117,0.446499698,0.517440522,tarbert,sediments,6,4,1e-06,tarbert B,0.3650322336784102,0.099535919,0.18920146573990554,0,FALSE,
453013.4,6782131,-5665.4053,0.440404698,0.409173728,0.523368936,tarbert,sediments,6,4,1e-06,tarbert B,0.38060939501480623,0.024883979756830092,0.20105829360996286,0,FALSE,
452873.22,6783037,-5746.2227,0.425686401,0.504299828,0.514883457,tarbert,sediments,6,4,1e-06,tarbert B,0.35117280191511246,0.21513617941664498,0.1840873354192486,0,FALSE,
452996.78,6782812,-5712.3594,0.438659669,0.480675796,0.518438958,tarbert,sediments,6,4,1e-06,tarbert B,0.37711933810714043,0.16788811658722075,0.19119833686818924,0,FALSE,
452760.8,6782802.5,-5798.8984,0.413882785,0.479678337,0.509352735,tarbert,sediments,6,4,1e-06,tarbert B,0.32756557,0.1658931983788673,0.17302589193843132,0,FALSE,
453289.47,6782391,-5576.2324,0.469390859,0.436472609,0.532731707,tarbert,sediments,6,4,1e-06,tarbert B,0.4385817181495473,0.079481741,0.21978383486277167,0,FALSE,
453264.16,6782158.5,-5500.9634,0.466733418,0.41206111,0.540634628,tarbert,sediments,6,4,1e-06,tarbert B,0.4332668360597134,0.030658742991537497,0.23558967682325144,0,FALSE,
452566.6,6782664,-5894.56,0.393492621,0.465136434,0.499308679,tarbert,sediments,6,4,1e-06,tarbert B,0.28678524180507764,0.13680939081497726,0.15293777955103902,0,FALSE,
453127.97,6782591,-5667.6143,0.452434054,0.457471748,0.523137,tarbert,sediments,6,4,1e-06,tarbert B,0.4046681086075383,0.1214800193192085,0.2005944226286731,0,FALSE,
452220.66,6782797.5,-5982.621,0.35717041,0.479153359,0.490062653,tarbert,sediments,6,4,1e-06,tarbert B,0.2141408202263615,0.1648432414271023,0.13444572772516386,0,FALSE,
453801.7,6782527,-5418.4316,0.523172804,0.450752023,0.549300111,tarbert,sediments,6,4,1e-06,tarbert B,0.546145608,0.10804057033661672,0.2529206442535868,0,FALSE,
453883.12,6782289.5,-5396.1846,0.531721554,0.425815546,0.551635951,tarbert,sediments,6,4,1e-06,tarbert B,0.5632431070326086,0.058167615,0.257592323,0,FALSE,
454074.3,6782291.5,-5371.547,0.551794631,0.426025537,0.554222792,tarbert,sediments,6,4,1e-06,tarbert B,0.603389261,0.058587598,0.262766007,0,FALSE,
453468.56,6782680,-5531.668,0.488194538,0.466816365,0.537410777,tarbert,sediments,6,4,1e-06,tarbert B,0.47618907624787077,0.1401692530606252,0.2291419751790188,0,FALSE,
452759.7,6782632.5,-5783.5127,0.41376729,0.461829069,0.510968167,tarbert,sediments,6,4,1e-06,tarbert B,0.3273345792822486,0.13019466201885788,0.1762567564729854,0,FALSE,
453221.72,6782766,-5649.8066,0.462277401,0.475845994,0.525006732,tarbert,sediments,6,4,1e-06,tarbert B,0.42435480145313176,0.1582285126309829,0.20433388631066224,0,FALSE,
453734.75,6782894.5,-5462.1523,0.516143342,0.489337941,0.544709626,tarbert,sediments,6,4,1e-06,tarbert B,0.5320866844459354,0.18521240629134297,0.2437396736733806,0,FALSE,
452524.2,6782839.5,-5871.2217,0.389040803,0.483563178,0.5017591,tarbert,sediments,6,4,1e-06,tarbert B,0.2778816068541179,0.17366287982192816,0.15783862161651444,0,FALSE,
452643.72,6782960.5,-5837.3135,0.401589889,0.496267657,0.505319315,tarbert,sediments,6,4,1e-06,tarbert B,0.30297977782909974,0.19907183805464074,0.1649590516788819,0,FALSE,
453482.5,6783010,-5552.6875,0.489658178,0.501464944,0.53520382,tarbert,sediments,6,4,1e-06,tarbert B,0.479116356,0.20946641187711407,0.22472806114949392,0,FALSE,
453314.62,6782950,-5614.1714,0.472031501,0.495165202,0.528748275,tarbert,sediments,6,4,1e-06,tarbert B,0.443863002,0.19686692845593426,0.21181697150416928,0,FALSE,
452485.22,6783048,-5895.8374,0.384948071,0.50545478,0.499174557,tarbert,sediments,6,4,1e-06,tarbert B,0.26969614245814977,0.21744608471052793,0.15266953654900212,0,FALSE,
453105.6,6783025.5,-5690.423,0.450085301,0.503092377,0.520742185,tarbert,sediments,6,4,1e-06,tarbert B,0.3999706012053428,0.2127212784275855,0.19580479200352882,0,FALSE,
453627.22,6783186,-5516.419,0.504853155,0.519944186,0.539011856,tarbert,sediments,6,4,1e-06,tarbert B,0.5095063102412718,0.24642489657924146,0.23234413389051162,0,FALSE,
453809.1,6783150,-5433.777,0.523949772,0.516164341,0.54768891,tarbert,sediments,6,4,1e-06,tarbert B,0.5476995443186758,0.2388652065265336,0.24969824237206392,0,FALSE,
452256.97,6783245,-5935.7446,0.360982804,0.526138932,0.494984473,tarbert,sediments,6,4,1e-06,tarbert B,0.22176560761007832,0.2588143886100683,0.1442893681359071,0,FALSE,
452768.8,6783178,-5802.342,0.41472275,0.519104221,0.508991172,tarbert,sediments,6,4,1e-06,tarbert B,0.329245501,0.2447449654564175,0.1723027655866118,0,FALSE,
453285.1,6783144,-5633.339,0.468932028,0.515534367,0.526735759,tarbert,sediments,6,4,1e-06,tarbert B,0.43766405577370565,0.2376052581844156,0.20779194053043923,0,FALSE,
453453.9,6783238.5,-5582.3594,0.486655301,0.52545646,0.532088398,tarbert,sediments,6,4,1e-06,tarbert B,0.47311060246530123,0.2574494445727738,0.21849721761407878,0,FALSE,
453061.2,6783294,-5723.346,0.445423492,0.531283721,0.517285412,tarbert,sediments,6,4,1e-06,tarbert B,0.39064698347367705,0.2691039667373651,0.18889124545893715,0,FALSE,
452672.8,6783394,-5844.044,0.404643164,0.541783291,0.504612641,tarbert,sediments,6,4,1e-06,tarbert B,0.3090863274605683,0.29010310577266474,0.16354570462611112,0,FALSE,
453355.78,6783439.5,-5631.412,0.476353124,0.546560595,0.526938086,tarbert,sediments,6,4,1e-06,tarbert B,0.4525062472438662,0.2996577140337261,0.2081965939396494,0,FALSE,
453740.8,6783528,-5495.989,0.516778566,0.555852714,0.541156918,tarbert,sediments,6,4,1e-06,tarbert B,0.5333571323575687,0.31824195207996625,0.2366342579954234,0,FALSE,
452903.47,6783453,-5793.9473,0.428862521,0.547978037,0.509872579,tarbert,sediments,6,4,1e-06,tarbert B,0.35752504147329056,0.3024925978034915,0.17406558031120808,0,FALSE,
453070.12,6783613,-5741.871,0.446360053,0.564777348,0.515340367,tarbert,sediments,6,4,1e-06,tarbert B,0.39252010667562237,0.33609122025997096,0.18500115495264777,0,FALSE,
452513.03,6783879.5,-5879.006,0.387868002,0.592758701,0.500941782,tarbert,sediments,6,4,1e-06,tarbert B,0.2755360030238784,0.3920539257890446,0.15620398563658955,0,FALSE,
452574.66,6783583,-5881.7266,0.394338886,0.561627477,0.500656131,tarbert,sediments,6,4,1e-06,tarbert B,0.2884777724113223,0.32979147854938107,0.15563268305999525,0,FALSE,
452302.16,6783615,-5904.866,0.365727559,0.56498734,0.498226593,tarbert,sediments,6,4,1e-06,tarbert B,0.23125511854013073,0.336511203,0.15077360828206113,0,FALSE,
453457.34,6783627,-5611.9844,0.487016486,0.566247288,0.528977901,tarbert,sediments,6,4,1e-06,tarbert B,0.47383297284811604,0.3390310997249129,0.21227622267487126,0,FALSE,
453331.94,6783847,-5655.3633,0.473850026,0.589346341,0.524423303,tarbert,sediments,6,4,1e-06,tarbert B,0.44750005249784536,0.3852292056025722,0.20316702715188772,0,FALSE,
453584.75,6783712,-5529.9907,0.500393988,0.575171922,0.537586886,tarbert,sediments,6,4,1e-06,tarbert B,0.500587976,0.3568803679049176,0.22949419373805777,0,FALSE,
452828.12,6783659,-5805.3237,0.420951095,0.56960715,0.508678106,tarbert,sediments,6,4,1e-06,tarbert B,0.3417021902101972,0.34575082421620884,0.17167663425799623,0,FALSE,
453434,6783732,-5617.7446,0.484565887,0.577271836,0.528373104,tarbert,sediments,6,4,1e-06,tarbert B,0.4689317737972717,0.3610801957119776,0.21106663,0,FALSE,
453165.9,6783835,-5668.543,0.456416541,0.588086393,0.523039491,tarbert,sediments,6,4,1e-06,tarbert B,0.41263308204363824,0.3827093089183362,0.2003994036244524,0,FALSE,
452854.2,6783882,-5784.7354,0.423689383,0.59302119,0.510839789,tarbert,sediments,6,4,1e-06,tarbert B,0.34717876567060674,0.39257890426492703,0.1760000000000009,0,FALSE,
453563.9,6783841,-5598.2764,0.498204828,0.588716367,0.530417181,tarbert,sediments,6,4,1e-06,tarbert B,0.49620965540413087,0.3839692572604542,0.21515478465383026,0,FALSE,
453727.84,6783933,-5495.477,0.515417822,0.598375971,0.541210676,tarbert,sediments,6,4,1e-06,tarbert B,0.5306356439386016,0.4032884651729299,0.23674177358728407,0,FALSE,
455352.38,6783845,-5341.122,0.685987529,0.58913635,0.557417286,tarbert,sediments,6,4,1e-06,tarbert C,0.8717750572226542,0.3848092228218662,0.26915499464522075,0,FALSE,
455107.03,6783364.5,-5570.2495,0.660226835,0.538685918,0.533359885,tarbert,sediments,6,4,1e-06,tarbert C,0.8202536695995514,0.2839083597572513,0.2210401923521146,0,FALSE,
455001.38,6782380,-5558.807,0.64913404,0.435317656,0.534561299,tarbert,sediments,6,4,1e-06,tarbert C,0.7980680792087524,0.077171836,0.2234430188362288,0,FALSE,
454983.8,6782091,-5565.832,0.647288215,0.4049739,0.533823704,tarbert,sediments,6,4,1e-06,tarbert C,0.7943764305663433,0.016484324,0.2219678293189989,0,FALSE,
455207.53,6782268.5,-5559.538,0.670778902,0.423610636,0.534484547,tarbert,sediments,6,4,1e-06,tarbert C,0.8413578043300276,0.053757796,0.22328951512988082,0,FALSE,
455289.2,6782114,-5520.7197,0.679353901,0.407388801,0.538560301,tarbert,sediments,6,4,1e-06,tarbert C,0.8585078011801534,0.021314126,0.23144102391802052,0,FALSE,
455846.72,6782268,-5464.085,0.737891101,0.423558138,0.544506701,tarbert,sediments,6,4,1e-06,tarbert C,0.9755822011297477,0.0536528,0.2433338233132453,0,FALSE,
455753.1,6782065.5,-5452.4917,0.728061404,0.40229651,0.545723947,tarbert,sediments,6,4,1e-06,tarbert C,0.9559228071649012,0.011129543688708818,0.24576831649902478,0,FALSE,
455508.9,6782040,-5521.2593,0.702421455,0.39961912,0.538503645,tarbert,sediments,6,4,1e-06,tarbert C,0.9046429096407091,0.005774763,0.23132771256378604,0,FALSE,
455480.28,6782290,-5529.0186,0.699416478,0.425868044,0.537688952,tarbert,sediments,6,4,1e-06,tarbert C,0.8986329560488073,0.058272610822956546,0.2296983263686199,0,FALSE,
455255.9,6782475,-5523.461,0.675857544,0.445292247,0.538272476,tarbert,sediments,6,4,1e-06,tarbert C,0.8515150878814011,0.097121018,0.23086537451964573,0,FALSE,
455031.47,6782819,-5595.245,0.65229336,0.481410766,0.530735465,tarbert,sediments,6,4,1e-06,tarbert C,0.8043867201444672,0.16935805631969172,0.2157913525545463,0,FALSE,
455017.06,6782559,-5580.3535,0.650780372,0.454111886,0.532299009,tarbert,sediments,6,4,1e-06,tarbert C,0.801360744,0.11476029482791261,0.2189184393439879,0,FALSE,
455579.62,6782443,-5458.338,0.70984675,0.441932385,0.545110111,tarbert,sediments,6,4,1e-06,tarbert C,0.9194935007664672,0.090401294,0.24454064383360402,0,FALSE,
455520.16,6782691.5,-5455.8,0.703603706,0.468023815,0.54537659,tarbert,sediments,6,4,1e-06,tarbert C,0.9070074126960737,0.14258415404968466,0.24507360198231984,0,FALSE,
455788.66,6782548.5,-5351.4688,0.731795051,0.453009431,0.556330917,tarbert,sediments,6,4,1e-06,tarbert C,0.9633901010058532,0.11255538522920615,0.2669822557275165,0,FALSE,
455194.47,6782693,-5550.796,0.669407658,0.468181309,0.535402419,tarbert,sediments,6,4,1e-06,tarbert C,0.8386153167720057,0.14289914113521415,0.22512525986434656,0,FALSE,
455311.12,6782674.5,-5487.4775,0.681655406,0.466238888,0.542050589,tarbert,sediments,6,4,1e-06,tarbert C,0.8631108124566876,0.1390143004136837,0.23842159971441285,0,FALSE,
455288.12,6782935.5,-5557.7744,0.679240505,0.493642765,0.534669717,tarbert,sediments,6,4,1e-06,tarbert C,0.8582810104785688,0.1938220532958158,0.2236598559459072,0,FALSE,
455433.34,6782839,-5518.4688,0.69448798,0.48351068,0.538796636,tarbert,sediments,6,4,1e-06,tarbert C,0.8887759601856372,0.17355788412675166,0.23191369353856608,0,FALSE,
454936,6783019,-5620.1875,0.642269421,0.502409905,0.52811661,tarbert,sediments,6,4,1e-06,tarbert C,0.7843388421074725,0.21135633439029103,0.21055364230066664,0,FALSE,
455090.75,6783015,-5604.1953,0.658517505,0.501989923,0.529795722,tarbert,sediments,6,4,1e-06,tarbert C,0.8168350097645988,0.21051636882887906,0.21391186661346978,0,FALSE,
455802.94,6783036.5,-5462.9497,0.733294389,0.50424733,0.544625902,tarbert,sediments,6,4,1e-06,tarbert C,0.9663887780600998,0.21503118372146848,0.24357222653871302,0,FALSE,
455181.53,6783139.5,-5597.8374,0.668049014,0.515061887,0.530463275,tarbert,sediments,6,4,1e-06,tarbert C,0.8358980281808497,0.2366602969278271,0.2152469708741951,0,FALSE,
454986.84,6783166,-5602.463,0.647607402,0.517844272,0.529977607,tarbert,sediments,6,4,1e-06,tarbert C,0.7950148043930243,0.24222506877218153,0.2142756346989784,0,FALSE,
455343.66,6783229,-5548.4756,0.685071966,0.524459001,0.535646051,tarbert,sediments,6,4,1e-06,tarbert C,0.8699439322987698,0.2554545263644203,0.22561252388652175,0,FALSE,
455526.9,6783152,-5507.939,0.704311377,0.516374333,0.53990222,tarbert,sediments,6,4,1e-06,tarbert C,0.9084227546670631,0.23928518930723958,0.23412486088070492,0,FALSE,
451498.16,6782285,-6293.1694,0.28131102,0.425343065,0.457456408,etive,sediments,4,4,1e-06,etive A,0,0.1,0.05,5,TRUE,
451741.78,6782125,-6178.9854,0.306890072,0.408543754,0.469445236,etive,sediments,4,4,1e-06,etive A,0.05,0.2,0.05,5,TRUE,
451304.1,6782096.5,-6379.891,0.260935556,0.405551376,0.448351013,etive,sediments,4,4,1e-06,etive A,0.1,0.3,0.05,5,TRUE,
451248.88,6782467,-6438.086,0.255137693,0.444452282,0.442240789,etive,sediments,4,4,1e-06,etive A,0.15,0.4,0.05,5,TRUE,
451757.38,6782435.5,-6155.7793,0.308528004,0.441144917,0.471881777,etive,sediments,4,4,1e-06,etive A,0.25,0.5,0.05,5,TRUE,
453112.25,6782262,-6126.6753,0.450783522,0.422928164,0.474937572,etive,sediments,4,4,1e-06,etive B,0.28,0.1,0.1,5,TRUE,
453017.72,6782054.5,-6137.425,0.440858279,0.401141557,0.473808899,etive,sediments,4,4,1e-06,etive B,0.4,0.2,0.1,5,TRUE,
452757.3,6782228.5,-6264.1274,0.4135153,0.419410808,0.460505693,etive,sediments,4,4,1e-06,etive B,0.6,0.3,0.1,5,TRUE,
453419.94,6782069.5,-5989.494,0.483089647,0.402716493,0.489341018,etive,sediments,4,4,1e-06,etive B,0.7,0.4,0.1,5,TRUE,
454043.5,6782238,-5719.077,0.548560763,0.420408267,0.517733639,etive,sediments,4,4,1e-06,etive B,0.8,0.5,0.1,5,TRUE,
455375.3,6782442,-5860.9404,0.68839403,0.441827389,0.502838592,etive,sediments,4,4,1e-06,etive C,0.85,0.1,0.2,5,TRUE,
455522.88,6782424,-5809.214,0.703889295,0.439937467,0.508269642,etive,sediments,4,4,1e-06,etive C,0.9,0.2,0.2,5,TRUE,
455495.75,6782257.5,-5869.93,0.701040761,0.422455683,0.501894723,etive,sediments,4,4,1e-06,etive C,0.95,0.3,0.2,5,TRUE,
455718.88,6782388,-5721.2803,0.724468451,0.436157622,0.517502302,etive,sediments,4,4,1e-06,etive C,0.98,0.4,0.2,5,TRUE,
455441.56,6782078.5,-5931.369,0.695351045,0.403661454,0.495443892,etive,sediments,4,4,1e-06,etive C,1,0.5,0.2,5,TRUE,
451436.28,6782319.5,-6070.118,0.274813887,0.428965417,0.480875845,ness,sediments,5,4,1e-06,ness A,0,0.1,0.1,5,TRUE,0.05 units thick
451488.84,6782070.5,-6029.546,0.28033246,0.402821488,0.48513573,ness,sediments,5,4,1e-06,ness A,0.05,0.2,0.1,5,TRUE,
451318.94,6782071.5,-6117.2446,0.262493692,0.402926484,0.475927755,ness,sediments,5,4,1e-06,ness A,0.12,0.3,0.1,5,TRUE,
451614.97,6782262,-5961.212,0.293575568,0.422928164,0.492310506,ness,sediments,5,4,1e-06,ness A,0.28,0.4,0.1,5,TRUE,
451709.88,6782070,-5889.612,0.303540709,0.402768991,0.499828198,ness,sediments,5,4,1e-06,ness A,0.25,0.5,0.1,5,TRUE,
453022.72,6782287,-5900.4795,0.441383257,0.425553056,0.498687157,ness,sediments,5,4,1e-06,ness B,0.28,0.1,0.15,5,TRUE,0.05 units thick
453172.44,6782013.5,-5820.651,0.457103213,0.396836734,0.507068806,ness,sediments,5,4,1e-06,ness B,0.4,0.2,0.15,5,TRUE,
452761.03,6782012.5,-5974.7334,0.413906934,0.396731738,0.490890817,ness,sediments,5,4,1e-06,ness B,0.5,0.3,0.15,5,TRUE,
452697.62,6782424,-6018.8896,0.407249157,0.439937467,0.486254606,ness,sediments,5,4,1e-06,ness B,0.6,0.4,0.15,5,TRUE,
452537.4,6782094,-6035.3896,0.390426747,0.405288887,0.484522177,ness,sediments,5,4,1e-06,ness B,0.8,0.5,0.15,5,TRUE,
455453.3,6782674,-5585.7383,0.696583694,0.46618639,0.531733628,ness,sediments,5,4,1e-06,ness C,0.85,0.1,0.25,5,TRUE,0.05 units thick
455438.62,6782489,-5589.465,0.695042357,0.446762187,0.531342341,ness,sediments,5,4,1e-06,ness C,0.9,0.2,0.25,5,TRUE,
455314.53,6782416.5,-5637.9707,0.682013442,0.439149999,0.526249451,ness,sediments,5,4,1e-06,ness C,0.95,0.3,0.25,5,TRUE,
455830,6782506,-5399.428,0.736135573,0.448547114,0.551295407,ness,sediments,5,4,1e-06,ness C,0.98,0.4,0.25,5,TRUE,
455613.56,6782401.5,-5504.8984,0.713410304,0.437575064,0.54022147,ness,sediments,5,4,1e-06,ness C,1,0.5,0.25,5,TRUE,
451484.53,6782221,-5791.542,0.279879929,0.418623341,0.510125125,tarbert,sediments,6,4,1e-06,tarbert A,0,0.1,0.2,5,TRUE,0.1units thick
451399,6782036.5,-5795.1763,0.270899647,0.399251635,0.50974354,tarbert,sediments,6,4,1e-06,tarbert A,0.05,0.2,0.2,5,TRUE,
451270.7,6782359.5,-5893.229,0.2574287,0.433165244,0.499448428,tarbert,sediments,6,4,1e-06,tarbert A,0.1,0.3,0.2,5,TRUE,
451623.88,6782302,-5749.1777,0.294511079,0.427127992,0.514573195,tarbert,sediments,6,4,1e-06,tarbert A,0.15,0.4,0.2,5,TRUE,
451469.75,6782431.5,-5798.2817,0.278328093,0.440724934,0.509417486,tarbert,sediments,6,4,1e-06,tarbert A,0.25,0.5,0.2,5,TRUE,
452727.66,6782477,-5824.868,0.410403228,0.445502239,0.506626039,tarbert,sediments,6,4,1e-06,tarbert B,0.28,0.1,0.25,5,TRUE,0.1units thick
452770.72,6782343,-5791.1904,0.414924342,0.431432815,0.510162042,tarbert,sediments,6,4,1e-06,tarbert B,0.4,0.2,0.25,5,TRUE,
452690.75,6782126,-5807.2056,0.406527836,0.40864875,0.508480515,tarbert,sediments,6,4,1e-06,tarbert B,0.6,0.3,0.25,5,TRUE,
453544.25,6782393,-5476.0215,0.496141662,0.4366826,0.54325342,tarbert,sediments,6,4,1e-06,tarbert B,0.7,0.4,0.25,5,TRUE,
453728.84,6782190.5,-5481.8887,0.515522818,0.415420972,0.542637389,tarbert,sediments,6,4,1e-06,tarbert B,0.8,0.5,0.25,5,TRUE,
455352.38,6783845,-5341.122,0.685987529,0.58913635,0.557417286,tarbert,sediments,6,4,1e-06,tarbert C,0.85,0.1,0.35,5,TRUE,0.1units thick
455107.03,6783364.5,-5570.2495,0.660226835,0.538685918,0.533359885,tarbert,sediments,6,4,1e-06,tarbert C,0.9,0.2,0.35,5,TRUE,
455001.38,6782380,-5558.807,0.64913404,0.435317656,0.534561299,tarbert,sediments,6,4,1e-06,tarbert C,0.95,0.3,0.35,5,TRUE,
454983.8,6782091,-5565.832,0.647288215,0.4049739,0.533823704,tarbert,sediments,6,4,1e-06,tarbert C,0.98,0.4,0.35,5,TRUE,
455207.53,6782268.5,-5559.538,0.670778902,0.423610636,0.534484547,tarbert,sediments,6,4,1e-06,tarbert C,1,0.5,0.35,5,TRUE,
