X,Y,Z,X_r,Y_r,Z_r,G_x,G_y,G_z,G_t,dip,azimuth,polarity,formation,series,id,order_series,smooth,group,X_s,Y_s,Z_s,T,is_new
454579.56,6782074,-5627.645,0.604844755,0.403188973,0.527333605,0.5062025,-0.28335822,0.8145349,0,35.45860022,119.2389008,1,fault3,fault3,1,1,0.01,fault3,0.709489511,0.012914471,0.208987632,0,FALSE
454338.4,6782244,-5376.1533,0.579523994,0.421038242,0.553739151,0.5544006,0.08128753,0.8282706,0,34.0785055,81.65859299,1,fault3,fault3,1,1,0.01,fault3,0.658847987,0.048613007,0.261798723,0,FALSE
454820.88,6782277,-5688.905,0.630182317,0.424503099,0.520901569,0.36691332,0.31315067,0.87596303,0,28.8408444,49.52013306,1,fault3,fault3,1,1,0.01,fault3,0.760164633,0.055542723,0.196123559,0,FALSE
454598.1,6782482,-5659.863,0.606791376,0.446027217,0.523950854,0.57297957,-0.05731725,0.81756294,0,35.15842643,95.71250326,1,fault3,fault3,1,1,0.01,fault3,0.713382751,0.098590958,0.202222129,0,FALSE
454803.4,6782382.5,-5835.7207,0.628346992,0.435580145,0.505486552,0.2778048,0.12677045,0.9522362,0,17.77997045,65.47139992,1,fault3,fault3,1,1,0.01,fault3,0.756493984,0.077696814,0.165293526,0,FALSE
454746.47,6782549.5,-5675.5166,0.622369587,0.453114426,0.522307293,0.4380298,-0.28271577,0.8533474,0,31.42236059,122.8392449,1,fault3,fault3,1,1,0.01,fault3,0.744539174,0.112765377,0.198935008,0,FALSE
454936.5,6782729.5,-5794.6543,0.642321919,0.472013652,0.509798347,0.59678274,-0.1417331,0.7897861,0,37.8344733,103.3599639,1,fault3,fault3,1,1,0.01,fault3,0.784443838,0.150563827,0.173917116,0,FALSE
454562.5,6783137,-5585.762,0.603053529,0.514799397,0.53173114,0.3098132,0.6887807,0.6554364,0,49.0472516,24.21819033,1,fault3,fault3,1,1,0.01,fault3,0.705907058,0.236135318,0.217782701,0,FALSE
454053.7,6783334,-5469.032,0.549631719,0.535483549,0.543987287,0.55832535,0.16985701,0.8120476,0,35.70352738,73.07888285,1,fault3,fault3,1,1,0.01,fault3,0.599063438,0.277503622,0.242294996,0,FALSE
454413.97,6783275,-5756.4873,0.587458518,0.529288803,0.513805718,0.6251611,0.4778636,0.6171061,0,51.89488683,52.60625599,1,fault3,fault3,1,1,0.01,fault3,0.674717037,0.26511413,0.181931858,0,FALSE
454360,6783361.5,-5692.652,0.581791901,0.538370931,0.52050815,0.7190608,0.28293133,0.63474524,0,50.59890805,68.5216798,1,fault3,fault3,1,1,0.01,fault3,0.663383801,0.283278386,0.195336721,0,FALSE
455010.28,6783235.5,-6236.743,0.650068501,0.525141473,0.463380937,0.5661114,0.6854087,0.457966,0,62.74406511,39.55490832,1,fault3,fault3,1,1,0.01,fault3,0.799937003,0.25681947,0.081082296,0,FALSE
455204.8,6783376,-6516.244,0.670492264,0.539893368,0.434034535,0.6090897,0.31376618,0.7283959,0,43.24791527,62.74521444,1,fault3,fault3,1,1,0.01,fault3,0.840784528,0.286323261,0.022389492,0,FALSE
454891.4,6783382.5,-6263.77,0.637586613,0.54057584,0.460543218,0.6953312,0.3483006,0.6286503,0,51.04938583,63.39310456,1,fault3,fault3,1,1,0.01,fault3,0.774973226,0.287688205,0.075406858,0,FALSE
454562.84,6783490,-6015.3594,0.603089227,0.551862878,0.486625262,0.74322456,-0.13561746,0.6551528,0,49.06876292,100.3410888,1,fault3,fault3,1,1,0.01,fault3,0.705978455,0.310262279,0.127570946,0,FALSE
454834.34,6783582,-6161.292,0.631595559,0.561522482,0.471302967,0.6344013,-0.2803394,0.72037816,0,43.91428914,113.8404438,1,fault3,fault3,1,1,0.01,fault3,0.762991117,0.329581487,0.096926356,0,FALSE
454699.7,6783786.5,-5931.901,0.617458938,0.582994101,0.495388035,0.6742407,-0.28700095,0.680463,0,47.1201659,113.0577771,1,fault3,fault3,1,1,0.01,fault3,0.734717877,0.372524726,0.145096491,0,FALSE
454863.75,6783682,-6107.508,0.634683482,0.572022051,0.476950056,0.65650964,-0.40249804,0.63795805,0,50.3602756,121.5119529,1,fault3,fault3,1,1,0.01,fault3,0.769166964,0.350580626,0.108220533,0,FALSE
452356.84,6782235.5,-6112.7705,0.371468724,0.420145778,0.476397516,0.6718531,0.22903445,0.7043838,0,45.22021634,71.17577739,1,fault4,fault4,2,2,0.01,fault4,0.242737448,0.04682808,0.107115453,0,FALSE
452574.47,6782159,-6264.5083,0.394318937,0.412113607,0.4604657,0.62380296,0.25717244,0.73805976,0,42.43360188,67.59533552,1,fault4,fault4,2,2,0.01,fault4,0.288437874,0.030763739,0.075251822,0,FALSE
452215.6,6782317,-5980.946,0.356639132,0.428702927,0.490238521,0.6730471,0.27008212,0.6885225,0,46.48673456,68.13526501,1,fault4,fault4,2,2,0.01,fault4,0.213078264,0.063942378,0.134797463,0,FALSE
452104.88,6782323,-5856.252,0.345014009,0.429332901,0.503330854,0.6349378,0.35699835,0.6851322,0,46.75399518,60.65281525,1,fault4,fault4,2,2,0.01,fault4,0.189828017,0.065202327,0.16098213,0,FALSE
452128.62,6782438,-6048.193,0.347506606,0.441407406,0.483177875,0.58455986,0.49273795,0.6445922,0,49.86489309,49.87174774,1,fault4,fault4,2,2,0.01,fault4,0.194813213,0.089351337,0.120676172,0,FALSE
451728.78,6782549.5,-5834.132,0.305525128,0.453114426,0.505653359,0.47974446,0.37066263,0.7952701,0,37.31922528,52.30942374,1,fault4,fault4,2,2,0.01,fault4,0.110850255,0.112765377,0.165627139,0,FALSE
452202.06,6782703,-6170.172,0.35521749,0.469231266,0.470370605,0.4548402,0.19331938,0.8693377,0,29.61823305,66.97319617,1,fault4,fault4,2,2,0.01,fault4,0.21023498,0.144999055,0.095061632,0,FALSE
452395.9,6782504,-6272.747,0.375569856,0.448337122,0.459600672,0.5652672,0.23515941,0.79067886,0,37.75100266,67.4119762,1,fault4,fault4,2,2,0.01,fault4,0.250939711,0.103210768,0.073521766,0,FALSE
452706.38,6782993,-6446.252,0.408168919,0.499680017,0.441383394,0.5721871,0.107766114,0.8130119,0,35.60874527,79.33381965,1,fault4,fault4,2,2,0.01,fault4,0.316137838,0.205896558,0.037087209,0,FALSE
451972.4,6782868.5,-6077.8076,0.331104179,0.486608053,0.48006847,0.8170535,0.055876397,0.57384795,0,54.98100671,86.08776573,1,fault4,fault4,2,2,0.01,fault4,0.162008358,0.17975263,0.114457361,0,FALSE
452592.88,6782810,-6420.5137,0.396251908,0.480465805,0.444085805,0.41616842,-0.004563898,0.90927607,0,24.5944993,90.62830719,1,fault4,fault4,2,2,0.01,fault4,0.292303816,0.167468134,0.042492031,0,FALSE
451738.03,6782920.5,-5929.3135,0.306496338,0.492067829,0.495659711,0.5115719,0.21549737,0.8317783,0,33.71815189,67.15695913,1,fault4,fault4,2,2,0.01,fault4,0.112792676,0.190672182,0.145639844,0,FALSE
452396.94,6783015,-6325.966,0.375679051,0.501989923,0.454012906,0.4246787,0.13618608,0.89504266,0,26.48609013,72.21997925,1,fault4,fault4,2,2,0.01,fault4,0.251158103,0.210516369,0.062346234,0,FALSE
452318.34,6783222,-6382.8623,0.36742639,0.523724031,0.448039039,0.46036294,0.19624689,0.8657674,0,30.02955186,66.91206262,1,fault4,fault4,2,2,0.01,fault4,0.234652779,0.253984587,0.050398501,0,FALSE
452068.66,6783459,-6195.9297,0.341211064,0.548608011,0.467666158,0.5260587,-0.37087435,0.7653199,0,40.06453987,125.1840524,1,fault4,fault4,2,2,0.01,fault4,0.182222129,0.303752546,0.089652737,0,FALSE
452757.94,6783537,-6546.6904,0.413582497,0.556797675,0.430837794,0.38432097,-0.37688288,0.84276724,0,32.56650259,134.4401531,1,fault4,fault4,2,2,0.01,fault4,0.326964994,0.320131875,0.01599601,0,FALSE
452515.03,6783531.5,-6461.5117,0.388077993,0.556220199,0.439781191,0.4171583,-0.37640405,0.8272236,0,34.18541799,132.0600963,1,fault4,fault4,2,2,0.01,fault4,0.275955986,0.318976922,0.033882804,0,FALSE
452597.88,6783679,-6383.4155,0.396776886,0.571707064,0.447980956,0.45571926,-0.44660938,0.76997405,0,39.64844138,134.4215634,1,fault4,fault4,2,2,0.01,fault4,0.293353772,0.349950652,0.050282333,0,FALSE
452160.62,6783819,-6012.1504,0.350866469,0.586406461,0.486962193,0.5664743,-0.5839473,0.58147424,0,54.44570023,135.8701612,1,fault4,fault4,2,2,0.01,fault4,0.201532937,0.379349447,0.128244808,0,FALSE
452717.9,6783898,-6397.4927,0.40937847,0.594701121,0.44650291,0.5020844,-0.42595786,0.7526428,0,41.18017309,130.3105738,1,fault4,fault4,2,2,0.01,fault4,0.318556939,0.395938767,0.047326243,0,FALSE
452322.1,6782459.5,-5575.0566,0.367821173,0.443664814,0.532855161,-0.13459288,0.07297747,0.98821,0,8.806881493,298.4669474,1,BCU,unconformity,3,3,0.01,BCU,0.235442347,0.093866151,0.220030743,0,FALSE
451789.38,6782354.5,-5610.9487,0.311887867,0.432640266,0.529086645,-0.020766338,0.046108864,0.9987205,0,2.898705489,335.7543292,1,BCU,unconformity,3,3,0.01,BCU,0.123575733,0.071817056,0.212493711,0,FALSE
451490.28,6782598,-5608.139,0.280483654,0.458206718,0.529381651,0.027991708,0.00090337,0.99960774,0,1.604866234,88.15154755,1,BCU,unconformity,3,3,0.01,BCU,0.060767309,0.122949959,0.213083724,0,FALSE
453910.75,6782029.5,-5338.66,0.534622585,0.398516665,0.557675786,-0.0917763,-0.059763208,0.99398464,0,6.287621433,236.9284908,1,BCU,unconformity,3,3,0.01,BCU,0.569045169,0.003569854,0.269671993,0,FALSE
452792.5,6782360.5,-5487.791,0.417211148,0.43327024,0.542017673,-0.16646,0.06488548,0.98391104,0,10.2916645,291.295649,1,BCU,unconformity,3,3,0.01,BCU,0.334222297,0.073077004,0.238355767,0,FALSE
454749.56,6782029.5,-5289.002,0.622694024,0.398516665,0.562889662,-0.028878257,-0.10000242,0.99456805,0,5.974647633,196.1074261,1,BCU,unconformity,3,3,0.01,BCU,0.745188047,0.003569854,0.280099746,0,FALSE
455105.22,6782029.5,-5283.1973,0.660036793,0.398516665,0.563499131,-0.025607336,-0.109197095,0.9936902,0,6.439824782,193.1977065,1,BCU,unconformity,3,3,0.01,BCU,0.819873585,0.003569854,0.281318683,0,FALSE
455494.25,6782029.5,-5270.877,0.700883268,0.398516665,0.564792709,-0.051370896,-0.12642808,0.9906447,0,7.843423254,202.1131392,1,BCU,unconformity,3,3,0.01,BCU,0.901566536,0.003569854,0.28390584,0,FALSE
453414.03,6782385,-5386.407,0.482469123,0.435842635,0.552662556,-0.15092982,0.022354323,0.9882917,0,8.776254347,278.4248701,1,BCU,unconformity,3,3,0.01,BCU,0.464738246,0.078221793,0.259645535,0,FALSE
455421.88,6782547,-5219.8975,0.693284729,0.452851937,0.570145337,-0.067591086,-0.06367102,0.9956794,0,5.328023757,226.7105965,1,BCU,unconformity,3,3,0.01,BCU,0.886369459,0.112240398,0.294611096,0,FALSE
451582.97,6782930.5,-5617.874,0.290215705,0.493117786,0.528359518,0.012524919,0.03397763,0.9993441,0,2.075296656,20.23502156,1,BCU,unconformity,3,3,0.01,BCU,0.080231411,0.192772096,0.211039457,0,FALSE
455963,6782618,-5166.078,0.7501,0.460306632,0.575796153,-0.08923455,-0.0704631,0.9935151,0,6.528662945,231.7039946,1,BCU,unconformity,3,3,0.01,BCU,1,0.127149787,0.305912728,0,FALSE
451819.38,6782676,-5615.172,0.315037738,0.466396382,0.528643216,-0.007658713,0.014826658,0.9998607,0,0.956353012,332.6813765,1,BCU,unconformity,3,3,0.01,BCU,0.129875475,0.139329287,0.211606854,0,FALSE
453467.3,6782845,-5393.49,0.488062244,0.484140654,0.551918872,-0.17767005,0.04609335,0.98301005,0,10.57670744,284.5437448,1,BCU,unconformity,3,3,0.01,BCU,0.475924487,0.174817832,0.258158166,0,FALSE
453732.75,6782737,-5343.1553,0.515933351,0.472801119,0.557203799,-0.15410492,0.015872844,0.98792696,0,8.912178129,275.8807413,1,BCU,unconformity,3,3,0.01,BCU,0.531666702,0.152138762,0.268728019,0,FALSE
455313.3,6782983,-5211.3706,0.681884297,0.49863006,0.571040625,-0.07170614,-0.015526952,0.997305,0,4.207407711,257.7820351,1,BCU,unconformity,3,3,0.01,BCU,0.863568594,0.203796644,0.296401672,0,FALSE
454486.2,6782890,-5250.1934,0.595042357,0.488865461,0.566964398,-0.06133606,-0.011282878,0.9980534,0,3.575579715,259.5768633,1,BCU,unconformity,3,3,0.01,BCU,0.689884715,0.184267445,0.288249218,0,FALSE
454685.8,6783124,-5240.4565,0.615999498,0.513434453,0.567986731,-0.047770217,0.012983241,0.998774,0,2.837443652,285.2048701,1,BCU,unconformity,3,3,0.01,BCU,0.731798996,0.23340543,0.290293883,0,FALSE
451664.66,6783550,-5648.939,0.298792804,0.558162619,0.525097827,-0.036723223,0.060083244,0.9975176,0,4.03797284,328.5664874,1,BCU,unconformity,3,3,0.01,BCU,0.097385607,0.322861763,0.204516075,0,FALSE
451263.6,6783573.5,-5657.6875,0.25668323,0.560630018,0.524179272,-0.015936974,0.08018219,0.9966528,0,4.689209922,348.7584242,1,BCU,unconformity,3,3,0.01,BCU,0.01316646,0.32779656,0.202678965,0,FALSE
453117.94,6783249,-5482.841,0.451380947,0.526558915,0.542537402,-0.17773612,0.053486217,0.9826236,0,10.69666559,286.7481426,1,BCU,unconformity,3,3,0.01,BCU,0.402561895,0.259654354,0.239395225,0,FALSE
454091.97,6783222,-5294.9697,0.553649904,0.523724031,0.562263079,-0.15077569,0.03641249,0.98789716,0,8.923192616,283.5770263,1,BCU,unconformity,3,3,0.01,BCU,0.607099809,0.253984587,0.27884658,0,FALSE
452576.88,6783459,-5579.65,0.394571977,0.548608011,0.532372873,-0.12996721,0.022108095,0.9912718,0,7.575588317,279.653902,1,BCU,unconformity,3,3,0.01,BCU,0.288943953,0.303752546,0.219066168,0,FALSE
454203.03,6783590,-5300.423,0.565310726,0.562362447,0.561690506,-0.13347282,0.06972682,0.98859656,0,8.661021984,297.5827754,1,BCU,unconformity,3,3,0.01,BCU,0.630421453,0.331261418,0.277701434,0,FALSE
451703.66,6783978,-5662.5615,0.302887636,0.603100777,0.523667523,-0.06764671,0.029333431,0.99727803,0,4.228417465,293.4428508,1,BCU,unconformity,3,3,0.01,BCU,0.105575271,0.412738078,0.201655467,0,FALSE
453443.75,6783979,-5456.6826,0.485589595,0.603205773,0.545283921,-0.18063636,0.046134952,0.98246735,0,10.74479141,284.3271956,1,BCU,unconformity,3,3,0.01,BCU,0.47097919,0.412948069,0.244888264,0,FALSE
452565.3,6783979.5,-5582.091,0.393356126,0.603258271,0.532116579,-0.11402888,-0.020168591,0.9932727,0,6.649696098,259.9696806,1,BCU,unconformity,3,3,0.01,BCU,0.286512253,0.413053065,0.218553579,0,FALSE
453803.97,6783978.5,-5394.244,0.523411144,0.603153275,0.551839705,-0.159628,0.07317609,0.98446137,0,10.11365102,294.6274969,1,BCU,unconformity,3,3,0.01,BCU,0.546622288,0.412843073,0.257999832,0,FALSE
454309.84,6783979,-5324.286,0.576525317,0.603205773,0.559184994,-0.12314489,0.10823468,0.98646873,0,9.436215327,311.3129306,1,BCU,unconformity,3,3,0.01,BCU,0.652850633,0.412948069,0.27269041,0,FALSE
455961.53,6783979.5,-5164.224,0.749945656,0.603258271,0.575990815,-0.08620751,0.03570286,0.99563724,0,5.353974662,292.4969026,1,BCU,unconformity,3,3,0.01,BCU,0.999691313,0.413053065,0.306302052,0,FALSE
451304.1,6782096.5,-6379.891,0.260935556,0.405551376,0.448351013,-0.44060168,0.041036375,0.8967643,0,26.26404444,275.321014,1,etive,sediments,4,4,0.01,etive A,0.021671111,0.017639277,0.051022448,0,FALSE
451248.88,6782467,-6438.086,0.255137693,0.444452282,0.442240789,-0.44697174,0.09223565,0.8897802,0,27.1543601,281.659709,1,etive,sediments,4,4,0.01,etive A,0.010075387,0.095441087,0.038801999,0,FALSE
451402.38,6782630,-6377.634,0.271254533,0.46156658,0.448587988,-0.4658413,0.077674694,0.88145256,0,28.18191566,279.4664481,1,etive,sediments,4,4,0.01,etive A,0.042309065,0.129669684,0.051496399,0,FALSE
451962.47,6782643,-6079.9175,0.330061572,0.462931524,0.479846939,-0.2454243,0.24216837,0.93868065,0,20.16884374,314.6174096,1,etive,sediments,4,4,0.01,etive A,0.159923143,0.132399572,0.1140143,0,FALSE
451575.56,6782945,-6326.2354,0.289437687,0.494640224,0.45398462,-0.43453294,0.078571424,0.8972222,0,26.20469348,280.2493703,1,etive,sediments,4,4,0.01,etive A,0.078675374,0.195816972,0.062289662,0,FALSE
451315.3,6783487,-6452.1953,0.262111508,0.551547891,0.440759373,-0.41852573,0.015526923,0.90807223,0,24.75970725,272.1246468,1,etive,sediments,4,4,0.01,etive A,0.024023015,0.309632305,0.035839168,0,FALSE
451598.75,6783529.5,-6333.9443,0.291872537,0.556010208,0.453175219,-0.29235345,0.12584847,0.94799346,0,18.55953101,293.2902757,1,etive,sediments,4,4,0.01,etive A,0.083545075,0.318556939,0.060670859,0,FALSE
451471.72,6783620,-6394.657,0.278534934,0.565512318,0.446800647,-0.3166603,0.12223359,0.94063026,0,19.84232888,291.1070157,1,etive,sediments,4,4,0.01,etive A,0.056869868,0.33756116,0.047921715,0,FALSE
451373.94,6783926.5,-6606.303,0.268268455,0.597693499,0.424578728,-0.1892258,0.6801444,0.70823526,0,44.90848797,344.45268,1,etive,sediments,4,4,0.01,etive A,0.03633691,0.401923521,0.003477877,0,FALSE
451701.94,6783891,-6405.1094,0.302707043,0.593966151,0.44570319,-0.36178017,0.38065866,0.8510077,0,31.67855788,316.4565843,1,etive,sediments,4,4,0.01,etive A,0.105214086,0.394468827,0.045726801,0,FALSE
453017.72,6782054.5,-6137.425,0.440858279,0.401141557,0.473808899,-0.35755196,0.11487796,0.9268007,0,22.0585292,287.8117057,1,etive,sediments,4,4,0.01,etive B,0.381516558,0.008819638,0.101938221,0,FALSE
454043.5,6782238,-5719.077,0.548560763,0.420408267,0.517733639,-0.44977993,-0.002756944,0.89313513,0,26.73011121,269.6488076,1,etive,sediments,4,4,0.01,etive B,0.596921526,0.047353059,0.189787699,0,FALSE
453906.78,6782100.5,-5804.58,0.534205752,0.405971359,0.508756192,-0.43901828,-0.038688347,0.89764476,0,26.14981208,264.9638376,1,etive,sediments,4,4,0.01,etive B,0.568211503,0.018479242,0.171832805,0,FALSE
454012.47,6782402,-5739.2935,0.545302747,0.437627561,0.515610993,-0.44796425,0.004079754,0.89404213,0,26.61434174,270.5217966,1,etive,sediments,4,4,0.01,etive B,0.590405493,0.081791647,0.185542408,0,FALSE
452702.56,6782623,-6314.6646,0.407767836,0.46083161,0.455199504,-0.3331748,0.07678611,0.9397332,0,19.99320099,282.9782259,1,etive,sediments,4,4,0.01,etive B,0.315335671,0.128199744,0.064719431,0,FALSE
454244.53,6782580.5,-5606.9307,0.569668048,0.456369293,0.529508517,-0.4898205,-0.06072997,0.86970556,0,29.57555831,262.9323002,1,etive,sediments,4,4,0.01,etive B,0.639136095,0.11927511,0.213337456,0,FALSE
453183.06,6782763,-6173.549,0.458218267,0.475531007,0.470016035,-0.31920698,0.13850147,0.9375096,0,20.36255411,293.4556535,1,etive,sediments,4,4,0.01,etive B,0.416236534,0.157598538,0.094352492,0,FALSE
453087.97,6783017,-6229.334,0.448234226,0.502199914,0.46415885,-0.30320993,0.111208454,0.9464124,0,18.84206612,290.1415468,1,etive,sediments,4,4,0.01,etive B,0.396268453,0.210936352,0.082638122,0,FALSE
454482.94,6782845.5,-5442.227,0.594700071,0.484193152,0.546801697,-0.51203007,-0.002527335,0.8589638,0,30.79956326,269.7171955,1,etive,sediments,4,4,0.01,etive B,0.689200143,0.174922828,0.247923815,0,FALSE
453029.56,6783342,-6288.9277,0.442101428,0.536323515,0.457901768,-0.30009177,0.038608298,0.9531287,0,17.61173843,277.3311154,1,etive,sediments,4,4,0.01,etive B,0.384002856,0.279183553,0.070123958,0,FALSE
453910,6783032,-5857.4595,0.534543838,0.503774849,0.503204072,-0.5203451,0.07360095,0.8507784,0,31.70356635,278.0508747,1,etive,sediments,4,4,0.01,etive B,0.568887676,0.214086222,0.160728565,0,FALSE
453435.38,6783079.5,-6105.031,0.484710781,0.508762145,0.47721013,-0.42977834,0.0763588,0.8996999,0,25.88135157,280.0746225,1,etive,sediments,4,4,0.01,etive B,0.469221562,0.224060814,0.108740682,0,FALSE
453952.16,6783174,-5829.4556,0.538970456,0.518684238,0.506144361,-0.5176894,0.035689145,0.85482395,0,31.25970902,273.9436912,1,etive,sediments,4,4,0.01,etive B,0.577740913,0.243905,0.166609143,0,FALSE
453623.1,6783286,-6030.849,0.504420573,0.530443756,0.484998921,-0.46543628,0.05905292,0.88310915,0,27.98027668,277.2308525,1,etive,sediments,4,4,0.01,etive B,0.508641146,0.267424036,0.124318263,0,FALSE
453712.16,6783478.5,-5988.9043,0.513771489,0.550655427,0.489402934,-0.48186344,0.046665918,0.8750028,0,28.95469299,275.5315421,1,etive,sediments,4,4,0.01,etive B,0.527342979,0.307847378,0.133126289,0,FALSE
454012.56,6783519,-5812.2134,0.545312196,0.554907753,0.507954717,-0.5090927,0.12670575,0.8513344,0,31.64289595,283.9761235,1,etive,sediments,4,4,0.01,etive B,0.590424393,0.31635203,0.170229857,0,FALSE
453406.12,6783963,-6179.953,0.481638607,0.601525842,0.469343643,-0.39877743,0.10921543,0.91052103,0,24.4225464,285.3163431,1,etive,sediments,4,4,0.01,etive B,0.463077214,0.409588207,0.093007707,0,FALSE
452678.12,6783584.5,-6359.2188,0.405201741,0.561784971,0.450521505,-0.061835542,-0.05047717,0.9968091,0,4.5783583,230.7747838,1,etive,sediments,4,4,0.01,etive B,0.310203482,0.330106466,0.055363432,0,FALSE
454364.3,6783857.5,-5612.353,0.582243382,0.590448796,0.528939199,-0.58474684,0.08639546,0.8066021,0,36.23473646,278.4045605,1,etive,sediments,4,4,0.01,etive B,0.664286764,0.387434115,0.21219882,0,FALSE
455375.3,6782442,-5860.9404,0.68839403,0.441827389,0.502838592,-0.19990267,-0.054326743,0.9783085,0,11.95557877,254.7961593,1,etive,sediments,4,4,0.01,etive C,0.87658806,0.090191302,0.159997606,0,FALSE
455718.88,6782388,-5721.2803,0.724468451,0.436157622,0.517502302,-0.4835083,-0.23876178,0.8421476,0,32.63239943,243.7193274,1,etive,sediments,4,4,0.01,etive C,0.948736902,0.078851767,0.189325025,0,FALSE
455828.97,6782207,-5791.9053,0.736027427,0.417153401,0.510086981,-0.5062519,-0.37444407,0.776853,0,39.02666469,233.5118955,1,etive,sediments,4,4,0.01,etive C,0.971854854,0.040843325,0.174494383,0,FALSE
455508.44,6782603,-5818.3584,0.702373157,0.458731696,0.507309519,-0.3570567,0.022576975,0.9338098,0,20.96329719,273.6180404,1,etive,sediments,4,4,0.01,etive C,0.904546314,0.123999916,0.168939459,0,FALSE
455664.53,6782781,-5750.72,0.718761935,0.47742093,0.51441126,-0.42424613,0.09562542,0.9004837,0,25.77827954,282.7022396,1,etive,sediments,4,4,0.01,etive C,0.93732387,0.161378383,0.183142941,0,FALSE
455275.88,6783095.5,-5883.414,0.677955358,0.510442076,0.500478961,-0.16120467,0.01522339,0.9868036,0,9.318459438,275.3947377,1,etive,sediments,4,4,0.01,etive C,0.855710716,0.227420676,0.155278344,0,FALSE
455900.8,6782906.5,-5647.422,0.743569268,0.49059789,0.525257105,-0.43775842,0.10254183,0.8932261,0,26.71852077,283.1834393,1,etive,sediments,4,4,0.01,etive C,0.986938536,0.187732303,0.204834632,0,FALSE
455800.25,6783055,-5730.269,0.733011951,0.50618975,0.516558527,-0.46575615,0.052379847,0.8833615,0,27.94944352,276.4166341,1,etive,sediments,4,4,0.01,etive C,0.965823901,0.218916024,0.187437475,0,FALSE
455558.2,6783082,-5827.2324,0.707597743,0.509024634,0.506377787,-0.22448556,0.0545368,0.97295016,0,13.35684352,283.654969,1,etive,sediments,4,4,0.01,etive C,0.914995485,0.224585792,0.167075996,0,FALSE
455929.22,6783205.5,-5670.8384,0.746553245,0.521991602,0.522798484,-0.39668232,0.05985756,0.9160023,0,23.65152969,278.5809359,1,etive,sediments,4,4,0.01,etive C,0.992906491,0.250519729,0.199917389,0,FALSE
455853.16,6782064,-5807.736,0.738567273,0.402139016,0.508424825,-0.49096787,-0.20539878,0.8466179,0,32.15430294,247.2977682,1,etive,sediments,4,4,0.01,etive C,0.976934546,0.010814557,0.171170072,0,FALSE
451488.84,6782070.5,-6029.546,0.28033246,0.402821488,0.48513573,-0.5019621,0.043433063,0.8637984,0,30.25421982,274.9452908,1,ness,sediments,5,4,0.01,ness A,0.060464921,0.012179501,0.124591882,0,FALSE
451709.88,6782070,-5889.612,0.303540709,0.402768991,0.499828198,-0.47541845,0.09130494,0.875009,0,28.95395921,280.8713843,1,ness,sediments,5,4,0.01,ness A,0.106881418,0.012074505,0.153976817,0,FALSE
451316.1,6782595.5,-6162.699,0.262195504,0.457944228,0.471155238,-0.42234322,0.11769917,0.89876205,0,26.00418165,285.5721611,1,ness,sediments,5,4,0.01,ness A,0.024191008,0.122424981,0.096630898,0,FALSE
451488,6782599.5,-6088.171,0.280244264,0.458364211,0.478980357,-0.41629177,0.11382455,0.9020782,0,25.56740364,285.2923178,1,ness,sediments,5,4,0.01,ness A,0.060288528,0.123264946,0.112281136,0,FALSE
451484.62,6782919.5,-6140.0312,0.279889379,0.491962834,0.47353526,-0.47629598,0.067384645,0.87669915,0,28.75328824,278.0525594,1,ness,sediments,5,4,0.01,ness A,0.059578757,0.190462191,0.101390941,0,FALSE
451338.84,6783234,-6221.0703,0.264583106,0.52498398,0.465026503,-0.48802626,-0.006489703,0.8728048,0,29.21377045,269.2381339,1,ness,sediments,5,4,0.01,ness A,0.028966212,0.256504483,0.084373428,0,FALSE
451744.78,6783110,-5946.6587,0.307205059,0.511964514,0.49383854,-0.58056635,-0.028425382,0.8137166,0,35.53934084,267.1969528,1,ness,sediments,5,4,0.01,ness A,0.114210117,0.230465551,0.141997501,0,FALSE
451593.25,6783164.5,-6042.6455,0.291295061,0.517686779,0.483760339,-0.64481467,-0.04709676,0.7628866,0,40.28066071,265.8225789,1,ness,sediments,5,4,0.01,ness A,0.082390122,0.241910082,0.1218411,0,FALSE
451553.62,6783541,-6089.2344,0.287134082,0.557217658,0.478868705,-0.52701575,0.064775035,0.84738344,0,32.0717918,277.0070299,1,ness,sediments,5,4,0.01,ness A,0.074068163,0.32097184,0.112057832,0,FALSE
451789.97,6783876,-6002.831,0.311949814,0.592391216,0.48794069,-0.4372517,0.14124654,0.8881781,0,27.3548069,287.9021464,1,ness,sediments,5,4,0.01,ness A,0.123699628,0.391318956,0.130201802,0,FALSE
451981.7,6783889.5,-5908.1094,0.332080639,0.593808658,0.49788605,-0.44651076,0.13747936,0.8841536,0,27.85245767,287.1134463,1,ness,sediments,5,4,0.01,ness A,0.163961278,0.39415384,0.150092522,0,FALSE
452761.03,6782012.5,-5974.7334,0.413906934,0.396731738,0.490890817,-0.3038981,0.066734165,0.9503644,0,18.12788822,282.3852223,1,ness,sediments,5,4,0.01,ness B,0.327613868,0,0.136102056,0,FALSE
453590.4,6782215,-5659.782,0.500987214,0.417993366,0.523959358,-0.35462973,0.04754256,0.93379736,0,20.96528933,277.6356897,1,ness,sediments,5,4,0.01,ness B,0.501774427,0.042523257,0.202239138,0,FALSE
453924.66,6782309,-5550.831,0.536083075,0.427862962,0.535398744,-0.36836067,0.016103419,0.9295435,0,21.63623354,272.503174,1,ness,sediments,5,4,0.01,ness B,0.571966149,0.062262447,0.22511791,0,FALSE
453773.6,6782337,-5601.8774,0.520222425,0.430802841,0.530039092,-0.3322212,0.021734815,0.942951,0,19.44680507,273.7431116,1,ness,sediments,5,4,0.01,ness B,0.54024485,0.068142206,0.214398606,0,FALSE
453900.6,6782466,-5562.9004,0.533556878,0.444347286,0.534131509,-0.36669382,-0.066402696,0.9279689,0,21.87961481,259.735831,1,ness,sediments,5,4,0.01,ness B,0.566913757,0.095231096,0.22258344,0,FALSE
454285.88,6782853,-5333.6855,0.57400962,0.48498062,0.558198087,-0.46891865,0.010755525,0.8831759,0,27.97212393,271.3139553,1,ness,sediments,5,4,0.01,ness B,0.647819239,0.176497764,0.270716596,0,FALSE
453927.62,6782693,-5510.118,0.536393862,0.468181309,0.539673434,-0.45090953,-0.03174585,0.89200497,0,26.87371812,265.9727911,1,ness,sediments,5,4,0.01,ness B,0.572587724,0.142899141,0.23366729,0,FALSE
453371.4,6782842,-5818.4004,0.477993156,0.483825667,0.507305109,-0.37333775,0.12126984,0.9197351,0,23.11261396,287.9951485,1,ness,sediments,5,4,0.01,ness B,0.455786313,0.174187858,0.16893064,0,FALSE
454136.62,6782786,-5432.167,0.558337962,0.477945908,0.547857953,-0.39591712,-0.07632011,0.9151092,0,23.77876034,259.0890478,1,ness,sediments,5,4,0.01,ness B,0.616475924,0.16242834,0.250036329,0,FALSE
453082.94,6783005,-5939.2993,0.447706098,0.500939966,0.494611245,-0.30899167,0.15846097,0.9377709,0,20.31948424,297.1502254,1,ness,sediments,5,4,0.01,ness B,0.395212196,0.208416455,0.143542912,0,FALSE
453547.38,6783137,-5780.8203,0.496470299,0.514799397,0.511250858,-0.41345796,0.18936637,0.8906138,0,27.04952168,294.6080804,1,ness,sediments,5,4,0.01,ness B,0.492740598,0.236135318,0.176822137,0,FALSE
454237.7,6783252,-5414.1396,0.568950927,0.526873902,0.549750753,-0.47442323,0.14422375,0.86840206,0,29.72652378,286.909171,1,ness,sediments,5,4,0.01,ness B,0.637701854,0.260284328,0.253821927,0,FALSE
454017.9,6783182,-5511.954,0.545872873,0.519524204,0.539480662,-0.39703116,0.2533148,0.88215524,0,28.09654828,302.5387904,1,ness,sediments,5,4,0.01,ness B,0.591545747,0.245584931,0.233281745,0,FALSE
453943.56,6783321,-5605.151,0.538067493,0.534118605,0.529695378,-0.5079862,0.22404605,0.83171713,0,33.72446506,293.7997583,1,ness,sediments,5,4,0.01,ness B,0.575934987,0.274773734,0.213711178,0,FALSE
452413.88,6783602,-6121.3994,0.377457678,0.563622396,0.475491518,-0.020263182,-0.24590543,0.969082,0,14.28461973,184.7106633,1,ness,sediments,5,4,0.01,ness B,0.254715357,0.333781315,0.105303459,0,FALSE
452231.7,6783541,-6131.3447,0.358329563,0.557217658,0.474447305,0.022806326,-0.20565817,0.9783581,0,11.94185232,173.6720774,1,ness,sediments,5,4,0.01,ness B,0.216459125,0.32097184,0.103215031,0,FALSE
452987.56,6783641,-6082.1826,0.437691609,0.567717228,0.479609114,-0.24284257,0.059664607,0.9682291,0,14.48134742,283.8037272,1,ness,sediments,5,4,0.01,ness B,0.375183217,0.341970979,0.113538649,0,FALSE
453443.53,6783921.5,-5914.5156,0.485566496,0.59716852,0.497213427,-0.39818788,-0.027477626,0.9168923,0,23.52409565,266.0524661,1,ness,sediments,5,4,0.01,ness B,0.470932992,0.400873564,0.148747275,0,FALSE
453084.06,6783938,-6040.434,0.447823693,0.598900949,0.483992537,-0.3216886,-0.023704497,0.94654876,0,18.81785979,265.7856219,1,ness,sediments,5,4,0.01,ness B,0.395447387,0.404338422,0.122305495,0,FALSE
455314.53,6782416.5,-5637.9707,0.682013442,0.439149999,0.526249451,-0.36499813,0.023348175,0.93071544,0,21.453385,273.6601056,1,ness,sediments,5,4,0.01,ness C,0.863826883,0.084836522,0.206819323,0,FALSE
455105.5,6782763,-5702.283,0.660066191,0.475531007,0.519496936,-0.27996463,0.05391343,0.95849526,0,16.56533214,280.900146,1,ness,sediments,5,4,0.01,ness C,0.819932383,0.157598538,0.193314294,0,FALSE
455151.7,6782937,-5709.176,0.664916993,0.493800258,0.518773201,-0.20867859,0.14489609,0.967191,0,14.71731996,304.7742011,1,ness,sediments,5,4,0.01,ness C,0.829633985,0.19413704,0.191866823,0,FALSE
455911.3,6783283,-5492.4854,0.744671723,0.530128769,0.541524781,-0.33936694,0.047880553,0.9394347,0,20.04316265,278.0307325,1,ness,sediments,5,4,0.01,ness C,0.989143445,0.266794061,0.237369984,0,FALSE
455381.84,6783008,-5669.674,0.689080702,0.501254953,0.522920741,-0.28962487,0.140016,0.94684374,0,18.76539262,295.8009409,1,ness,sediments,5,4,0.01,ness C,0.877961404,0.209046429,0.200161903,0,FALSE
455177,6783177,-5732.828,0.667573384,0.518999225,0.516289843,-0.22128423,-0.002993253,0.97520477,0,12.78566077,269.2250225,1,ness,sediments,5,4,0.01,ness C,0.834946767,0.244534974,0.186900107,0,FALSE
455530.56,6783400,-5610.494,0.704695662,0.542413265,0.529134386,-0.28630954,-0.06020206,0.956244,0,17.01190224,258.1254526,1,ness,sediments,5,4,0.01,ness C,0.909191323,0.291363054,0.212589194,0,FALSE
454722.5,6783572.5,-5843.742,0.61985284,0.560525023,0.50464435,-0.38437238,-0.01922508,0.9229779,0,22.63461176,267.1366341,1,ness,sediments,5,4,0.01,ness C,0.73950568,0.327586569,0.163609122,0,FALSE
454771.06,6783839,-5823.7573,0.624951431,0.588506375,0.506742658,-0.5865721,0.05741262,0.8078595,0,36.11267712,275.5902014,1,ness,sediments,5,4,0.01,ness C,0.749702862,0.383549274,0.167805737,0,FALSE
454916.72,6783827,-5708.0757,0.640245104,0.587246427,0.518888728,-0.4417106,-0.03989042,0.89627033,0,26.32793126,264.8396767,1,ness,sediments,5,4,0.01,ness C,0.780290208,0.381029378,0.192097877,0,FALSE
451399,6782036.5,-5795.1763,0.270899647,0.399251635,0.50974354,-0.23644948,0.09055809,0.96741456,0,14.6668159,290.9564044,1,tarbert,sediments,6,4,0.01,tarbert A,0.041599294,0.005039793,0.173807501,0,FALSE
451709.25,6782388,-5756.465,0.303474562,0.436157622,0.513808059,-0.048152175,0.05991627,0.99704134,0,4.408514727,321.2126306,1,tarbert,sediments,6,4,0.01,tarbert A,0.106749123,0.078851767,0.181936541,0,FALSE
451469.75,6782431.5,-5798.2817,0.278328093,0.440724934,0.509417486,-0.24883446,0.030139888,0.968077,0,14.5161562,276.9062655,1,tarbert,sediments,6,4,0.01,tarbert A,0.056456185,0.087986393,0.173155394,0,FALSE
451441.53,6782591,-5823.6294,0.275365114,0.457471748,0.506756087,-0.17983156,0.092473835,0.9793412,0,11.66650283,297.2133481,1,tarbert,sediments,6,4,0.01,tarbert A,0.050530228,0.121480019,0.167832595,0,FALSE
451462.88,6782992,-5805.667,0.277606772,0.499575022,0.508642061,-0.23968625,0.012112714,0.9707748,0,13.88608389,272.8930216,1,tarbert,sediments,6,4,0.01,tarbert A,0.055013544,0.205686567,0.171604544,0,FALSE
451590.06,6783155.5,-5779.744,0.290960125,0.516741818,0.511363865,-0.18863963,-0.012965762,0.98196083,0,10.89935844,266.0680749,1,tarbert,sediments,6,4,0.01,tarbert A,0.081720249,0.240020159,0.177048151,0,FALSE
451336.75,6783300,-5842.106,0.264363665,0.531913696,0.504816123,-0.2950041,0.003896694,0.955488,0,17.15933438,270.7567729,1,tarbert,sediments,6,4,0.01,tarbert A,0.02852733,0.270363915,0.163952668,0,FALSE
451664.5,6783475,-5764.392,0.298776004,0.550287942,0.512975759,-0.12768607,0.04298177,0.9908828,0,7.742815068,288.6042966,1,tarbert,sediments,6,4,0.01,tarbert A,0.097352009,0.307112408,0.180271939,0,FALSE
451500.5,6783631,-5801.481,0.28155671,0.566667271,0.509081573,-0.25929812,0.021666044,0.9655543,0,15.08202711,274.7763399,1,tarbert,sediments,6,4,0.01,tarbert A,0.062913421,0.339871065,0.172483568,0,FALSE
451957.78,6783914,-5761.34,0.329569142,0.596381052,0.513296205,-0.05363567,0.028892389,0.9981425,0,3.492764381,298.3103973,1,tarbert,sediments,6,4,0.01,tarbert A,0.158938284,0.399298629,0.180912833,0,FALSE
452690.75,6782126,-5807.2056,0.406527836,0.40864875,0.508480515,-0.3352599,0.09652679,0.93716776,0,20.41876796,286.0619721,1,tarbert,sediments,6,4,0.01,tarbert B,0.312855673,0.023834023,0.171281451,0,FALSE
453424.3,6782118,-5481.3896,0.483547429,0.407808784,0.542689792,-0.18924324,-0.10518056,0.9762807,0,12.50405145,240.9348872,1,tarbert,sediments,6,4,0.01,tarbert B,0.466894857,0.022154092,0.239700006,0,FALSE
452427.22,6782114,-5869.079,0.378858321,0.407388801,0.501984074,-0.1669719,0.15204321,0.974168,0,13.05136684,312.3207307,1,tarbert,sediments,6,4,0.01,tarbert B,0.257516642,0.021314126,0.15828857,0,FALSE
452873.22,6783037,-5746.2227,0.425686401,0.504299828,0.514883457,-0.31171176,0.039368916,0.9493608,0,18.31179838,277.1982926,1,tarbert,sediments,6,4,0.01,tarbert B,0.351172802,0.215136179,0.184087335,0,FALSE
453289.47,6782391,-5576.2324,0.469390859,0.436472609,0.532731707,-0.35057607,0.16887453,0.9211828,0,22.90038365,295.7203871,1,tarbert,sediments,6,4,0.01,tarbert B,0.438581718,0.079481741,0.219783835,0,FALSE
453127.97,6782591,-5667.6143,0.452434054,0.457471748,0.523137,-0.336993,0.08591739,0.93757874,0,20.35116631,284.3030255,1,tarbert,sediments,6,4,0.01,tarbert B,0.404668109,0.121480019,0.200594423,0,FALSE
453883.12,6782289.5,-5396.1846,0.531721554,0.425815546,0.551635951,-0.23799014,-0.20325384,0.94976234,0,18.238431,229.5012448,1,tarbert,sediments,6,4,0.01,tarbert B,0.563243107,0.058167615,0.257592323,0,FALSE
452759.7,6782632.5,-5783.5127,0.41376729,0.461829069,0.510968167,-0.41883427,-0.015266725,0.9079343,0,24.77857003,267.9124635,1,tarbert,sediments,6,4,0.01,tarbert B,0.327334579,0.130194662,0.176256756,0,FALSE
452524.2,6782839.5,-5871.2217,0.389040803,0.483563178,0.5017591,-0.31988785,-0.057166174,0.94572926,0,18.96288736,259.8678051,1,tarbert,sediments,6,4,0.01,tarbert B,0.277881607,0.17366288,0.157838622,0,FALSE
454123.2,6783092.5,-5384.163,0.55692892,0.510127089,0.552898167,-0.17477202,0.05127279,0.983273,0,10.49431012,286.3500825,1,tarbert,sediments,6,4,0.01,tarbert B,0.61365784,0.226790702,0.260116755,0,FALSE
453105.6,6783025.5,-5690.423,0.450085301,0.503092377,0.520742185,-0.2895542,0.038190443,0.9563994,0,16.98144288,277.5135973,1,tarbert,sediments,6,4,0.01,tarbert B,0.399970601,0.212721278,0.195804792,0,FALSE
452256.97,6783245,-5935.7446,0.360982804,0.526138932,0.494984473,-0.19412163,-0.03029173,0.98050964,0,11.33066696,261.1308011,1,tarbert,sediments,6,4,0.01,tarbert B,0.221765608,0.258814389,0.144289368,0,FALSE
453453.9,6783238.5,-5582.3594,0.486655301,0.52545646,0.532088398,-0.33420774,0.07012347,0.93988717,0,19.96738329,281.8499015,1,tarbert,sediments,6,4,0.01,tarbert B,0.473110602,0.257449445,0.218497218,0,FALSE
453355.78,6783439.5,-5631.412,0.476353124,0.546560595,0.526938086,-0.3321813,0.07282856,0.9403997,0,19.88121051,282.3660636,1,tarbert,sediments,6,4,0.01,tarbert B,0.452506247,0.299657714,0.208196594,0,FALSE
453070.12,6783613,-5741.871,0.446360053,0.564777348,0.515340367,-0.30940914,-0.033111267,0.9503524,0,18.13009787,263.8917669,1,tarbert,sediments,6,4,0.01,tarbert B,0.392520107,0.33609122,0.185001155,0,FALSE
452302.16,6783615,-5904.866,0.365727559,0.56498734,0.498226593,-0.090275444,-0.049479768,0.9946869,0,5.908865443,241.2729516,1,tarbert,sediments,6,4,0.01,tarbert B,0.231255119,0.336511203,0.150773608,0,FALSE
453584.75,6783712,-5529.9907,0.500393988,0.575171922,0.537586886,-0.458723,0.07806911,0.88514316,0,27.73085623,279.6585092,1,tarbert,sediments,6,4,0.01,tarbert B,0.500587976,0.356880368,0.229494194,0,FALSE
454215.47,6783903,-5432.5874,0.566616873,0.5952261,0.547813813,-0.16146027,0.03763774,0.98616123,0,9.543078434,283.1217977,1,tarbert,sediments,6,4,0.01,tarbert B,0.633033746,0.396988723,0.249948048,0,FALSE
453563.9,6783841,-5598.2764,0.498204828,0.588716367,0.530417181,-0.4090191,0.06252383,0.9103813,0,24.44190235,278.6911183,1,tarbert,sediments,6,4,0.01,tarbert B,0.496209655,0.383969257,0.215154785,0,FALSE
455107.03,6783364.5,-5570.2495,0.660226835,0.538685918,0.533359885,-0.22194341,-0.13996412,0.9649617,0,15.21196955,237.763249,1,tarbert,sediments,6,4,0.01,tarbert C,0.82025367,0.28390836,0.221040192,0,FALSE
454784.6,6782555,-5569.212,0.626373073,0.453691903,0.533468818,0.010453232,0.07220087,0.9973353,0,4.183678248,8.238033596,1,tarbert,sediments,6,4,0.01,tarbert C,0.752546146,0.113920329,0.221258058,0,FALSE
455207.53,6782268.5,-5559.538,0.670778902,0.423610636,0.534484547,-0.09445687,0.003278962,0.9955235,0,5.423367918,271.9881592,1,tarbert,sediments,6,4,0.01,tarbert C,0.841357804,0.053757796,0.223289515,0,FALSE
455753.1,6782065.5,-5452.4917,0.728061404,0.40229651,0.545723947,-0.21890195,0.06584169,0.9735229,0,13.21404441,286.7403228,1,tarbert,sediments,6,4,0.01,tarbert C,0.955922807,0.011129544,0.245768316,0,FALSE
455255.9,6782475,-5523.461,0.675857544,0.445292247,0.538272476,-0.2145675,-0.07837421,0.9735596,0,13.20484243,249.9344706,1,tarbert,sediments,6,4,0.01,tarbert C,0.851515088,0.097121018,0.230865375,0,FALSE
455579.62,6782443,-5458.338,0.70984675,0.441932385,0.545110111,-0.23776647,-0.21542752,0.9471315,0,18.71407303,227.8219537,1,tarbert,sediments,6,4,0.01,tarbert C,0.919493501,0.090401294,0.244540644,0,FALSE
455194.47,6782693,-5550.796,0.669407658,0.468181309,0.535402419,-0.3108119,0.081520915,0.946969,0,18.7430702,284.6967125,1,tarbert,sediments,6,4,0.01,tarbert C,0.838615317,0.142899141,0.22512526,0,FALSE
455433.34,6782839,-5518.4688,0.69448798,0.48351068,0.538796636,-0.18595031,0.1700492,0.96773225,0,14.59475307,312.4425208,1,tarbert,sediments,6,4,0.01,tarbert C,0.88877596,0.173557884,0.231913694,0,FALSE
455802.94,6783036.5,-5462.9497,0.733294389,0.50424733,0.544625902,-0.24135128,0.047562957,0.96927154,0,14.24053963,281.1483901,1,tarbert,sediments,6,4,0.01,tarbert C,0.966388778,0.215031184,0.243572227,0,FALSE
455343.66,6783229,-5548.4756,0.685071966,0.524459001,0.535646051,-0.26178923,-0.15142994,0.9531712,0,17.60368856,239.9530996,1,tarbert,sediments,6,4,0.01,tarbert C,0.869943932,0.255454526,0.225612524,0,FALSE
451498.16,6782285,-6293.1694,0.28131102,0.425343065,0.457456408,0,0,1,0,26.26404444,275.321014,1,etive,sediments,4,4,0.01,etive A,0.1,0.1,0.05,5,TRUE
453017.72,6782054.5,-6137.425,0.440858279,0.401141557,0.473808899,0,0,1,0,26.73011121,269.6488076,1,etive,sediments,4,4,0.01,etive B,0.6,0.2,0,5,TRUE
455718.88,6782388,-5721.2803,0.724468451,0.436157622,0.517502302,0,0,1,0,32.63239943,243.7193274,1,etive,sediments,4,4,0.01,etive C,0.85,0.2,0.2,5,TRUE
451709.88,6782070,-5889.612,0.303540709,0.402768991,0.499828198,0,0,1,0,28.95395921,280.8713843,1,ness,sediments,5,4,0.01,ness A,0.03,0.2,0.1,5,TRUE
453590.4,6782215,-5659.782,0.500987214,0.417993366,0.523959358,0,0,1,0,20.96528933,277.6356897,1,ness,sediments,5,4,0.01,ness B,0.6,0.2,0.05,5,TRUE
455105.5,6782763,-5702.283,0.660066191,0.475531007,0.519496936,0,0,1,0,16.56533214,280.900146,1,ness,sediments,5,4,0.01,ness C,0.85,0.2,0.25,5,TRUE
451709.25,6782388,-5756.465,0.303474562,0.436157622,0.513808059,0,0,1,0,4.408514727,321.2126306,1,tarbert,sediments,6,4,0.01,tarbert A,0.1,0.2,0.2,5,TRUE
453424.3,6782118,-5481.3896,0.483547429,0.407808784,0.542689792,0,0,1,0,12.50405145,240.9348872,1,tarbert,sediments,6,4,0.01,tarbert B,0.6,0.2,0.1,5,TRUE
454784.6,6782555,-5569.212,0.626373073,0.453691903,0.533468818,0,0,1,0,4.183678248,8.238033596,1,tarbert,sediments,6,4,0.01,tarbert C,0.85,0.2,0.35,5,TRUE
