X,Y,Z,X_r,Y_r,Z_r,G_x,G_y,G_z,G_t,dip,azimuth,polarity,formation,series,id,order_series,smooth,group,T,X_s,Y_s,Z_s
454579.56,6782074.0,-5627.645,0.604844755,0.403188973,0.527333605,0.5062025,-0.28335822,0.8145349,0,35.45860022,119.2389008,1,fault3,fault3,1,1,0.01,fault3,0,0.70948951093005,0.012914470506709288,0.20898763150710908
454338.4,6782244.0,-5376.1533,0.579523994,0.421038242,0.553739151,0.5544006,0.08128753,0.8282706,0,34.0785055,81.65859299,1,fault3,fault3,1,1,0.01,fault3,0,0.6588479872325267,0.048613006866718704,0.2617987232523479
454820.88,6782277.0,-5688.905,0.630182317,0.424503099,0.520901569,0.36691332,0.31315067,0.87596303,0,28.8408444,49.52013306,1,fault3,fault3,1,1,0.01,fault3,0,0.7601646332500366,0.055542722748367586,0.19612355893408467
454598.1,6782482.0,-5659.863,0.606791376,0.446027217,0.523950854,0.57297957,-0.05731725,0.81756294,0,35.15842643,95.71250326,1,fault3,fault3,1,1,0.01,fault3,0,0.7133827513071901,0.09859095777073189,0.2022221288927163
454803.4,6782382.5,-5835.7207,0.628346992,0.435580145,0.505486552,0.2778048,0.12677045,0.9522362,0,17.77997045,65.47139992,1,fault3,fault3,1,1,0.01,fault3,0,0.7564939837466701,0.07769681443060872,0.1652935259654362
454746.47,6782549.5,-5675.5166,0.622369587,0.453114426,0.522307293,0.4380298,-0.28271577,0.8533474,0,31.42236059,122.8392449,1,fault3,fault3,1,1,0.01,fault3,0,0.7445391738938633,0.11276537661955915,0.1989350076646867
454936.5,6782729.5,-5794.6543,0.642321919,0.472013652,0.509798347,0.59678274,-0.1417331,0.7897861,0,37.8344733,103.3599639,1,fault3,fault3,1,1,0.01,fault3,0,0.784443837802649,0.15056382688309852,0.17391711639822843
454562.5,6783137.0,-5585.762,0.603053529,0.514799397,0.53173114,0.3098132,0.6887807,0.6554364,0,49.0472516,24.21819033,1,fault3,fault3,1,1,0.01,fault3,0,0.7059070578106283,0.23613531845194463,0.2177827009092638
454053.7,6783334.0,-5469.032,0.549631719,0.535483549,0.543987287,0.55832535,0.16985701,0.8120476,0,35.70352738,73.07888285,1,fault3,fault3,1,1,0.01,fault3,0,0.5990634383990261,0.27750362235148496,0.242294995905169
454413.97,6783275.0,-5756.4873,0.587458518,0.529288803,0.513805718,0.6251611,0.4778636,0.6171061,0,51.89488683,52.60625599,1,fault3,fault3,1,1,0.01,fault3,0,0.6747170366014918,0.26511413032065817,0.18193185779383134
454360.0,6783361.5,-5692.652,0.581791901,0.538370931,0.52050815,0.7190608,0.28293133,0.63474524,0,50.59890805,68.5216798,1,fault3,fault3,1,1,0.01,fault3,0,0.6633838012641465,0.28327838558619234,0.19533672119443193
455010.28,6783235.5,-6236.743,0.650068501,0.525141473,0.463380937,0.5661114,0.6854087,0.457966,0,62.74406511,39.55490832,1,fault3,fault3,1,1,0.01,fault3,0,0.799937002582899,0.25681947040171477,0.08108229562587961
455204.8,6783376.0,-6516.244,0.670492264,0.539893368,0.434034535,0.6090897,0.31376618,0.7283959,0,43.24791527,62.74521444,1,fault3,fault3,1,1,0.01,fault3,0,0.8407845278343555,0.2863232607463108,0.022389492030826866
454891.4,6783382.5,-6263.77,0.637586613,0.54057584,0.460543218,0.6953312,0.3483006,0.6286503,0,51.04938583,63.39310456,1,fault3,fault3,1,1,0.01,fault3,0,0.7749732260977338,0.2876882047836053,0.07540685831880917
454562.84,6783490.0,-6015.3594,0.603089227,0.551862878,0.486625262,0.74322456,-0.13561746,0.6551528,0,49.06876292,100.3410888,1,fault3,fault3,1,1,0.01,fault3,0,0.7059784548833538,0.3102622792465524,0.12757094559123128
454834.34,6783582.0,-6161.292,0.631595559,0.561522482,0.471302967,0.6344013,-0.2803394,0.72037816,0,43.91428914,113.8404438,1,fault3,fault3,1,1,0.01,fault3,0,0.7629911173641923,0.3295814871590281,0.09692635601940355
454699.7,6783786.5,-5931.901,0.617458938,0.582994101,0.495388035,0.6742407,-0.28700095,0.680463,0,47.1201659,113.0577771,1,fault3,fault3,1,1,0.01,fault3,0,0.7347178765670619,0.3725247264862159,0.1450964910438679
454863.75,6783682.0,-6107.508,0.634683482,0.572022051,0.476950056,0.65650964,-0.40249804,0.63795805,0,50.3602756,121.5119529,1,fault3,fault3,1,1,0.01,fault3,0,0.7691669641544685,0.3505806261943277,0.10822053295814923
452356.84,6782235.5,-6112.7705,0.371468724,0.420145778,0.476397516,0.6718531,0.22903445,0.7043838,0,45.22021634,71.17577739,1,fault4,fault4,2,2,0.01,fault4,0,0.24273744776464332,0.04682808004871823,0.10711545326641664
452574.47,6782159.0,-6264.5083,0.394318937,0.412113607,0.4604657,0.62380296,0.25717244,0.73805976,0,42.43360188,67.59533552,1,fault4,fault4,2,2,0.01,fault4,0,0.2884378740471547,0.030763738686713994,0.07525182167531155
452215.6,6782317.0,-5980.946,0.356639132,0.428702927,0.490238521,0.6730471,0.27008212,0.6885225,0,46.48673456,68.13526501,1,fault4,fault4,2,2,0.01,fault4,0,0.21307826379117584,0.06394237836248745,0.13479746330400516
452104.88,6782323.0,-5856.252,0.345014009,0.429332901,0.503330854,0.6349378,0.35699835,0.6851322,0,46.75399518,60.65281525,1,fault4,fault4,2,2,0.01,fault4,0,0.18982801705129793,0.06520232670460543,0.1609821297326816
452128.62,6782438.0,-6048.193,0.347506606,0.441407406,0.483177875,0.58455986,0.49273795,0.6445922,0,49.86489309,49.87174774,1,fault4,fault4,2,2,0.01,fault4,0,0.19481321265827609,0.08935133659520003,0.12067617227693715
451728.78,6782549.5,-5834.132,0.305525128,0.453114426,0.505653359,0.47974446,0.37066263,0.7952701,0,37.31922528,52.30942374,1,fault4,fault4,2,2,0.01,fault4,0,0.1108502551395408,0.11276537661955915,0.16562713928729006
452202.06,6782703.0,-6170.172,0.35521749,0.469231266,0.470370605,0.4548402,0.19331938,0.8693377,0,29.61823305,66.97319617,1,fault4,fault4,2,2,0.01,fault4,0,0.21023498036580066,0.1449990550387441,0.09506163247306912
452395.9,6782504.0,-6272.747,0.375569856,0.448337122,0.459600672,0.5652672,0.23515941,0.79067886,0,37.75100266,67.4119762,1,fault4,fault4,2,2,0.01,fault4,0,0.25093971147183086,0.10321076835849781,0.07352176560761034
452706.38,6782993.0,-6446.252,0.408168919,0.499680017,0.441383394,0.5721871,0.107766114,0.8130119,0,35.60874527,79.33381965,1,fault4,fault4,2,2,0.01,fault4,0,0.31613783834862536,0.2058965582411131,0.037087209424413646
451972.4,6782868.5,-6077.8076,0.331104179,0.486608053,0.48006847,0.8170535,0.055876397,0.57384795,0,54.98100671,86.08776573,1,fault4,fault4,2,2,0.01,fault4,0,0.16200835765733684,0.17975263014216505,0.11445736124818932
452592.88,6782810.0,-6420.5137,0.396251908,0.480465805,0.444085805,0.41616842,-0.004563898,0.90927607,0,24.5944993,90.62830719,1,fault4,fault4,2,2,0.01,fault4,0,0.2923038155435602,0.16746813380651476,0.04249203082673618
451738.03,6782920.5,-5929.3135,0.306496338,0.492067829,0.495659711,0.5115719,0.21549737,0.8317783,0,33.71815189,67.15695913,1,fault4,fault4,2,2,0.01,fault4,0,0.11279267550030601,0.19067218244052087,0.1456398437664062
452396.94,6783015.0,-6325.966,0.375679051,0.501989923,0.454012906,0.4246787,0.13618608,0.89504266,0,26.48609013,72.21997925,1,fault4,fault4,2,2,0.01,fault4,0,0.2511581025177936,0.21051636882887906,0.0623462338044142
452318.34,6783222.0,-6382.8623,0.36742639,0.523724031,0.448039039,0.46036294,0.19624689,0.8657674,0,30.02955186,66.91206262,1,fault4,fault4,2,2,0.01,fault4,0,0.23465277923605296,0.25398458663194934,0.050398500661473125
452068.66,6783459.0,-6195.9297,0.341211064,0.548608011,0.467666158,0.5260587,-0.37087435,0.7653199,0,40.06453987,125.1840524,1,fault4,fault4,2,2,0.01,fault4,0,0.18222212889270603,0.30375254614560954,0.08965273723777371
452757.94,6783537.0,-6546.6904,0.413582497,0.556797675,0.430837794,0.38432097,-0.37688288,0.84276724,0,32.56650259,134.4401531,1,fault4,fault4,2,2,0.01,fault4,0,0.32696499443522536,0.32013187459314324,0.01599601016358324
452515.03,6783531.5,-6461.5117,0.388077993,0.556220199,0.439781191,0.4171583,-0.37640405,0.8272236,0,34.18541799,132.0600963,1,fault4,fault4,2,2,0.01,fault4,0,0.27595598580458436,0.31897692194620175,0.03388280380504411
452597.88,6783679.0,-6383.4155,0.396776886,0.571707064,0.447980956,0.45571926,-0.44660938,0.76997405,0,39.64844138,134.4215634,1,fault4,fault4,2,2,0.01,fault4,0,0.29335377249532524,0.34995065202326875,0.05028233342432979
452160.62,6783819.0,-6012.1504,0.350866469,0.586406461,0.486962193,0.5664743,-0.5839473,0.58147424,0,54.44570023,135.8701612,1,fault4,fault4,2,2,0.01,fault4,0,0.201532937149572,0.3793494466726883,0.12824480796287402
452717.9,6783898.0,-6397.4927,0.40937847,0.594701121,0.44650291,0.5020844,-0.42595786,0.7526428,0,41.18017309,130.3105738,1,fault4,fault4,2,2,0.01,fault4,0,0.31855693916549577,0.395938766510575,0.04732624262405265
452322.1,6782459.5,-5575.0566,0.367821173,0.443664814,0.532855161,-0.13459288,0.07297747,0.98821,0,8.806881493,298.4669474,1,BCU,unconformity,3,3,0.01,BCU,0,0.23544234686376997,0.09386615148778946,0.22003074273954873
451789.38,6782354.5,-5610.9487,0.311887867,0.432640266,0.529086645,-0.020766338,0.046108864,0.9987205,0,2.898705489,335.7543292,1,BCU,unconformity,3,3,0.01,BCU,0,0.1235757333949275,0.07181705550072483,0.21249371075785994
451490.28,6782598.0,-5608.139,0.280483654,0.458206718,0.529381651,0.027991708,0.00090337,0.99960774,0,1.604866234,88.15154755,1,BCU,unconformity,3,3,0.01,BCU,0,0.060767308540351124,0.12294995905167948,0.2130837235673347
453910.75,6782029.5,-5338.66,0.534622585,0.398516665,0.557675786,-0.0917763,-0.059763208,0.99398464,0,6.287621433,236.9284908,1,BCU,unconformity,3,3,0.01,BCU,0,0.5690451691480628,0.0035698536360009416,0.2696719934482699
452792.5,6782360.5,-5487.791,0.417211148,0.43327024,0.542017673,-0.16646,0.06488548,0.98391104,0,10.2916645,291.295649,1,BCU,unconformity,3,3,0.01,BCU,0,0.33422229688582444,0.0730770038428428,0.23835576741353712
454749.56,6782029.5,-5289.002,0.622694024,0.398516665,0.562889662,-0.028878257,-0.10000242,0.99456805,0,5.974647633,196.1074261,1,BCU,unconformity,3,3,0.01,BCU,0,0.7451880472900594,0.0035698536360009416,0.2800997459104189
455105.22,6782029.5,-5283.1973,0.660036793,0.398516665,0.563499131,-0.025607336,-0.109197095,0.9936902,0,6.439824782,193.1977065,1,BCU,unconformity,3,3,0.01,BCU,0,0.8198735851830008,0.0035698536360009416,0.2813186829340011
455494.25,6782029.5,-5270.877,0.700883268,0.398516665,0.564792709,-0.051370896,-0.12642808,0.9906447,0,7.843423254,202.1131392,1,BCU,unconformity,3,3,0.01,BCU,0,0.9015665357720328,0.0035698536360009416,0.283905839860567
453414.03,6782385.0,-5386.407,0.482469123,0.435842635,0.552662556,-0.15092982,0.022354323,0.9882917,0,8.776254347,278.4248701,1,BCU,unconformity,3,3,0.01,BCU,0,0.46473824573192823,0.07822179290649121,0.2596455345330853
455421.88,6782547.0,-5219.8975,0.693284729,0.452851937,0.570145337,-0.067591086,-0.06367102,0.9956794,0,5.328023757,226.7105965,1,BCU,unconformity,3,3,0.01,BCU,0,0.8863694588521874,0.11224039814367666,0.2946110959450676
451582.97,6782930.5,-5617.874,0.290215705,0.493117786,0.528359518,0.012524919,0.03397763,0.9993441,0,2.075296656,20.23502156,1,BCU,unconformity,3,3,0.01,BCU,0,0.08023141051215864,0.19277209634405085,0.21103945738224836
455963.0,6782618.0,-5166.078,0.7501,0.460306632,0.575796153,-0.08923455,-0.0704631,0.9935151,0,6.528662945,231.7039946,1,BCU,unconformity,3,3,0.01,BCU,0,1.0,0.1271497868587394,0.3059127275781707
451819.38,6782676.0,-5615.172,0.315037738,0.466396382,0.528643216,-0.007658713,0.014826658,0.9998607,0,0.956353012,332.6813765,1,BCU,unconformity,3,3,0.01,BCU,0,0.1298754751055174,0.13932928749921322,0.2116068541189822
453467.3,6782845.0,-5393.49,0.488062244,0.484140654,0.551918872,-0.17767005,0.04609335,0.98301005,0,10.57670744,284.5437448,1,BCU,unconformity,3,3,0.01,BCU,0,0.47592448709602403,0.17481783246886964,0.25815816551521514
453732.75,6782737.0,-5343.1553,0.515933351,0.472801119,0.557203799,-0.15410492,0.015872844,0.98792696,0,8.912178129,275.8807413,1,BCU,unconformity,3,3,0.01,BCU,0,0.5316667016652294,0.152138762310746,0.26872801915121597
455313.3,6782983.0,-5211.3706,0.681884297,0.49863006,0.571040625,-0.07170614,-0.015526952,0.997305,0,4.207407711,257.7820351,1,BCU,unconformity,3,3,0.01,BCU,0,0.8635685936876557,0.20379664433758315,0.29640167153146857
454486.2,6782890.0,-5250.1934,0.595042357,0.488865461,0.566964398,-0.06133606,-0.011282878,0.9980534,0,3.575579715,259.5768633,1,BCU,unconformity,3,3,0.01,BCU,0,0.6898847147266971,0.18426744503475448,0.2882492177820723
454685.8,6783124.0,-5240.4565,0.615999498,0.513434453,0.567986731,-0.047770217,0.012983241,0.998774,0,2.837443652,285.2048701,1,BCU,unconformity,3,3,0.01,BCU,0,0.7317989962411503,0.23340543037735567,0.29029388295080033
451664.66,6783550.0,-5648.939,0.298792804,0.558162619,0.525097827,-0.036723223,0.060083244,0.9975176,0,4.03797284,328.5664874,1,BCU,unconformity,3,3,0.01,BCU,0,0.09738560719009541,0.3228617626677322,0.2045160748409324
451263.6,6783573.5,-5657.6875,0.25668323,0.560630018,0.524179272,-0.015936974,0.08018219,0.9966528,0,4.689209922,348.7584242,1,BCU,unconformity,3,3,0.01,BCU,0,0.013166460175123105,0.3277965603410276,0.20267896516242928
453117.94,6783249.0,-5482.841,0.451380947,0.526558915,0.542537402,-0.17773612,0.053486217,0.9826236,0,10.69666559,286.7481426,1,BCU,unconformity,3,3,0.01,BCU,0,0.4025618949623041,0.25965435417148025,0.23939522479578443
454091.97,6783222.0,-5294.9697,0.553649904,0.523724031,0.562263079,-0.15077569,0.03641249,0.98789716,0,8.923192616,283.5770263,1,BCU,unconformity,3,3,0.01,BCU,0,0.607099808907827,0.25398458663194934,0.2788465802902095
452576.88,6783459.0,-5579.65,0.394571977,0.548608011,0.532372873,-0.12996721,0.022108095,0.9912718,0,7.575588317,279.653902,1,BCU,unconformity,3,3,0.01,BCU,0,0.2889439532979123,0.30375254614560954,0.21906616828710132
454203.03,6783590.0,-5300.423,0.565310726,0.562362447,0.561690506,-0.13347282,0.06972682,0.98859656,0,8.661021984,297.5827754,1,BCU,unconformity,3,3,0.01,BCU,0,0.6304214527204425,0.33126141828185207,0.2777014342411975
451703.66,6783978.0,-5662.5615,0.302887636,0.603100777,0.523667523,-0.06764671,0.029333431,0.99727803,0,4.228417465,293.4428508,1,BCU,unconformity,3,3,0.01,BCU,0,0.10557527141386228,0.4127380777388147,0.20165546712584884
453443.75,6783979.0,-5456.6826,0.485589595,0.603205773,0.545283921,-0.18063636,0.046134952,0.98246735,0,10.74479141,284.3271956,1,BCU,unconformity,3,3,0.01,BCU,0,0.4709791898532134,0.4129480691291677,0.2448882635811943
452565.3,6783979.5,-5582.091,0.393356126,0.603258271,0.532116579,-0.11402888,-0.020168591,0.9932727,0,6.649696098,259.9696806,1,BCU,unconformity,3,3,0.01,BCU,0,0.2865122529976212,0.41305306482434423,0.2185535793032495
453803.97,6783978.5,-5394.244,0.523411144,0.603153275,0.551839705,-0.159628,0.07317609,0.98446137,0,10.11365102,294.6274969,1,BCU,unconformity,3,3,0.01,BCU,0,0.546622288486164,0.41284307343399124,0.257999832006889
454309.84,6783979.0,-5324.286,0.576525317,0.603205773,0.559184994,-0.12314489,0.10823468,0.98646873,0,9.436215327,311.3129306,1,BCU,unconformity,3,3,0.01,BCU,0,0.6528506331240456,0.4129480691291677,0.27269040969320385
455961.53,6783979.5,-5164.224,0.749945656,0.603258271,0.575990815,-0.08620751,0.03570286,0.99563724,0,5.353974662,292.4969026,1,BCU,unconformity,3,3,0.01,BCU,0,0.9996913126561869,0.41305306482434423,0.30630205161588514
451304.1,6782096.5,-6379.891,0.260935556,0.405551376,0.448351013,-0.44060168,0.041036375,0.8967643,0,26.26404444,275.321014,1,etive,sediments,4,4,0.01,etive A,0,0.021671111484419466,0.01763927678965171,0.05102244807962902
451248.88,6782467.0,-6438.086,0.255137693,0.444452282,0.442240789,-0.44697174,0.09223565,0.8897802,0,27.1543601,281.659709,1,etive,sediments,4,4,0.01,etive A,0,0.010075386909132863,0.09544108691543693,0.03880199911803625
451402.38,6782630.0,-6377.634,0.271254533,0.46156658,0.448587988,-0.4658413,0.077674694,0.88145256,0,28.18191566,279.4664481,1,etive,sediments,4,4,0.01,etive A,0,0.04230906532831783,0.12966968354297537,0.05149639864765565
451962.47,6782643.0,-6079.9175,0.330061572,0.462931524,0.479846939,-0.2454243,0.24216837,0.93868065,0,20.16884374,314.6174096,1,etive,sediments,4,4,0.01,etive A,0,0.15992314315112083,0.13239957161756433,0.11401430041368364
451575.56,6782945.0,-6326.2354,0.289437687,0.494640224,0.45398462,-0.43453294,0.078571424,0.8972222,0,26.20469348,280.2493703,1,etive,sediments,4,4,0.01,etive A,0,0.07867537430964831,0.1958169715041693,0.06228966212385327
451315.3,6783487.0,-6452.1953,0.262111508,0.551547891,0.440759373,-0.41852573,0.015526923,0.90807223,0,24.75970725,272.1246468,1,etive,sediments,4,4,0.01,etive A,0,0.024023015056375472,0.30963230507549344,0.0358391675941287
451598.75,6783529.5,-6333.9443,0.291872537,0.556010208,0.453175219,-0.29235345,0.12584847,0.94799346,0,18.55953101,293.2902757,1,etive,sediments,4,4,0.01,etive A,0,0.0835450746519348,0.31855693916549577,0.06067085949476094
451471.72,6783620.0,-6394.657,0.278534934,0.565512318,0.446800647,-0.3166603,0.12223359,0.94063026,0,19.84232888,291.1070157,1,etive,sediments,4,4,0.01,etive A,0,0.05686986833538777,0.33756115999244196,0.04792171520967656
451373.94,6783926.5,-6606.303,0.268268455,0.597693499,0.424578728,-0.1892258,0.6801444,0.70823526,0,44.90848797,344.45268,1,etive,sediments,4,4,0.01,etive A,0,0.036336910186678124,0.4019235211356354,0.0034778774070263075
451701.94,6783891.0,-6405.1094,0.302707043,0.593966151,0.44570319,-0.36178017,0.38065866,0.8510077,0,31.67855788,316.4565843,1,etive,sediments,4,4,0.01,etive A,0,0.10521408622246099,0.394468826778104,0.04572680120115087
453017.72,6782054.5,-6137.425,0.440858279,0.401141557,0.473808899,-0.35755196,0.11487796,0.9268007,0,22.0585292,287.8117057,1,etive,sediments,4,4,0.01,etive B,0,0.38151655782112043,0.008819638394825855,0.10193822053295856
454043.5,6782238.0,-5719.077,0.548560763,0.420408267,0.517733639,-0.44977993,-0.002756944,0.89313513,0,26.73011121,269.6488076,1,etive,sediments,4,4,0.01,etive B,0,0.5969215262174231,0.04735305852460072,0.18978769870435397
453906.78,6782100.5,-5804.58,0.534205752,0.405971359,0.508756192,-0.43901828,-0.038688347,0.89764476,0,26.14981208,264.9638376,1,etive,sediments,4,4,0.01,etive B,0,0.5682115033283673,0.018479242351063695,0.17183280485500174
454012.47,6782402.0,-5739.2935,0.545302747,0.437627561,0.515610993,-0.44796425,0.004079754,0.89404213,0,26.61434174,270.5217966,1,etive,sediments,4,4,0.01,etive B,0,0.5904054933747638,0.08179164654249216,0.1855424077612827
452702.56,6782623.0,-6314.6646,0.407767836,0.46083161,0.455199504,-0.3331748,0.07678611,0.9397332,0,19.99320099,282.9782259,1,etive,sediments,4,4,0.01,etive B,0,0.3153356712374754,0.1281997438105044,0.06471943050334962
454244.53,6782580.5,-5606.9307,0.569668048,0.456369293,0.529508517,-0.4898205,-0.06072997,0.86970556,0,29.57555831,262.9323002,1,etive,sediments,4,4,0.01,etive B,0,0.6391360954200919,0.11927510972050204,0.21333745616429828
453183.06,6782763.0,-6173.549,0.458218267,0.475531007,0.470016035,-0.31920698,0.13850147,0.9375096,0,20.36255411,293.4556535,1,etive,sediments,4,4,0.01,etive B,0,0.4162365343020903,0.15759853845992391,0.09435249154784696
453087.97,6783017.0,-6229.334,0.448234226,0.502199914,0.46415885,-0.30320993,0.111208454,0.9464124,0,18.84206612,290.1415468,1,etive,sediments,4,4,0.01,etive B,0,0.39626845299341845,0.21093635160958504,0.08263812183700507
454482.94,6782845.5,-5442.227,0.594700071,0.484193152,0.546801697,-0.51203007,-0.002527335,0.8589638,0,30.79956326,269.7171955,1,etive,sediments,4,4,0.01,etive B,0,0.6892001427941444,0.17492282816404614,0.24792381512358114
453029.56,6783342.0,-6288.9277,0.442101428,0.536323515,0.457901768,-0.30009177,0.038608298,0.9531287,0,17.61173843,277.3311154,1,etive,sediments,4,4,0.01,etive B,0,0.3840028558829053,0.2791835534743089,0.07012395791772563
453910.0,6783032.0,-5857.4595,0.534543838,0.503774849,0.503204072,-0.5203451,0.07360095,0.8507784,0,31.70356635,278.0508747,1,etive,sediments,4,4,0.01,etive B,0,0.5688876756052981,0.21408622246488,0.16072856512883046
453435.38,6783079.5,-6105.031,0.484710781,0.508762145,0.47721013,-0.42977834,0.0763588,0.8996999,0,25.88135157,280.0746225,1,etive,sediments,4,4,0.01,etive B,0,0.4692215619159598,0.22406081350664733,0.10874068163205358
453952.16,6783174.0,-5829.4556,0.538970456,0.518684238,0.506144361,-0.5176894,0.035689145,0.85482395,0,31.25970902,273.9436912,1,etive,sediments,4,4,0.01,etive B,0,0.577740912622575,0.2439049998950055,0.16660914302513669
453623.1,6783286.0,-6030.849,0.504420573,0.530443756,0.484998921,-0.46543628,0.05905292,0.88310915,0,27.98027668,277.2308525,1,etive,sediments,4,4,0.01,etive B,0,0.5086411457130184,0.2674240356145411,0.12431826295121953
453712.16,6783478.5,-5988.9043,0.513771489,0.550655427,0.489402934,-0.48186344,0.046665918,0.8750028,0,28.95469299,275.5315421,1,etive,sediments,4,4,0.01,etive B,0,0.5273429789378559,0.3078473782574929,0.13312628882215888
454012.56,6783519.0,-5812.2134,0.545312196,0.554907753,0.507954717,-0.5090927,0.12670575,0.8513344,0,31.64289595,283.9761235,1,etive,sediments,4,4,0.01,etive B,0,0.5904243925999009,0.3163520295667893,0.17022985657588124
453406.12,6783963.0,-6179.953,0.481638607,0.601525842,0.469343643,-0.39877743,0.10921543,0.91052103,0,24.4225464,285.3163431,1,etive,sediments,4,4,0.01,etive B,0,0.4630772138342292,0.40958820688351977,0.09300770668402628
452678.12,6783584.5,-6359.2188,0.405201741,0.561784971,0.450521505,-0.061835542,-0.05047717,0.9968091,0,4.5783583,230.7747838,1,etive,sediments,4,4,0.01,etive B,0,0.3102034816572477,0.3301064656349106,0.05536343209928423
454364.3,6783857.5,-5612.353,0.582243382,0.590448796,0.528939199,-0.58474684,0.08639546,0.8066021,0,36.23473646,278.4045605,1,etive,sediments,4,4,0.01,etive B,0,0.664286764242662,0.38743411520127863,0.2121988198483872
455375.3,6782442.0,-5860.9404,0.68839403,0.441827389,0.502838592,-0.19990267,-0.054326743,0.9783085,0,11.95557877,254.7961593,1,etive,sediments,4,4,0.01,etive C,0,0.8765880598895415,0.09019130215661202,0.1599976060981506
455718.88,6782388.0,-5721.2803,0.724468451,0.436157622,0.517502302,-0.4835083,-0.23876178,0.8421476,0,32.63239943,243.7193274,1,etive,sediments,4,4,0.01,etive C,0,0.9487369017870274,0.0788517670775502,0.18932502467398918
455828.97,6782207.0,-5791.9053,0.736027427,0.417153401,0.510086981,-0.5062519,-0.37444407,0.776853,0,39.02666469,233.5118955,1,etive,sediments,4,4,0.01,etive C,0,0.971854853950982,0.04084332542365783,0.1744943827303088
455508.44,6782603.0,-5818.3584,0.702373157,0.458731696,0.507309519,-0.3570567,0.022576975,0.9338098,0,20.96329719,273.6180404,1,etive,sediments,4,4,0.01,etive C,0,0.9045463136011423,0.12399991600344447,0.168939459482162
455664.53,6782781.0,-5750.72,0.718761935,0.47742093,0.51441126,-0.42424613,0.09562542,0.9004837,0,25.77827954,282.7022396,1,etive,sediments,4,4,0.01,etive C,0,0.937323869721347,0.16137838348627787,0.18314294113941407
455275.88,6783095.5,-5883.414,0.677955358,0.510442076,0.500478961,-0.16120467,0.01522339,0.9868036,0,9.318459438,275.3947377,1,etive,sediments,4,4,0.01,etive C,0,0.85571071586065,0.22742067575229527,0.15527834358791365
455900.8,6782906.5,-5647.422,0.743569268,0.49059789,0.525257105,-0.43775842,0.10254183,0.8932261,0,26.71852077,283.1834393,1,etive,sediments,4,4,0.01,etive C,0,0.9869385355200412,0.1877323029755789,0.20483463178009806
455800.25,6783055.0,-5730.269,0.733011951,0.50618975,0.516558527,-0.46575615,0.052379847,0.8833615,0,27.94944352,276.4166341,1,etive,sediments,4,4,0.01,etive C,0,0.9658239012200498,0.2189160244429989,0.1874374750635232
455558.2,6783082.0,-5827.2324,0.707597743,0.509024634,0.506377787,-0.22448556,0.0545368,0.97295016,0,13.35684352,283.654969,1,etive,sediments,4,4,0.01,etive C,0,0.9149954851851094,0.22458579198252981,0.16707599588416955
455929.22,6783205.5,-5670.8384,0.746553245,0.521991602,0.522798484,-0.39668232,0.05985756,0.9160023,0,23.65152969,278.5809359,1,etive,sediments,4,4,0.01,etive C,0,0.99290649083387,0.2505197286911249,0.19991738938703613
455853.16,6782064.0,-5807.736,0.738567273,0.402139016,0.508424825,-0.49096787,-0.20539878,0.8466179,0,32.15430294,247.2977682,1,etive,sediments,4,4,0.01,etive C,0,0.9769345456836215,0.010814556603179322,0.1711700720270477
451488.84,6782070.5,-6029.546,0.28033246,0.402821488,0.48513573,-0.5019621,0.043433063,0.8637984,0,30.25421982,274.9452908,1,ness,sediments,5,4,0.01,ness A,0,0.060464920938242316,0.0121795006404738,0.12459188173284946
451709.88,6782070.0,-5889.612,0.303540709,0.402768991,0.499828198,-0.47541845,0.09130494,0.875009,0,28.95395921,280.8713843,1,ness,sediments,5,4,0.01,ness A,0,0.10688141786186428,0.012074504945297302,0.15397681695050572
451316.1,6782595.5,-6162.699,0.262195504,0.457944228,0.471155238,-0.42234322,0.11769917,0.89876205,0,26.00418165,285.5721611,1,ness,sediments,5,4,0.01,ness A,0,0.024191008168655423,0.122424980575797,0.09663089813317705
451488.0,6782599.5,-6088.171,0.280244264,0.458364211,0.478980357,-0.41629177,0.11382455,0.9020782,0,25.56740364,285.2923178,1,ness,sediments,5,4,0.01,ness A,0,0.06028852817034042,0.12326494613720898,0.11228113647340504
451484.62,6782919.5,-6140.0312,0.279889379,0.491962834,0.47353526,-0.47629598,0.067384645,0.87669915,0,28.75328824,278.0525594,1,ness,sediments,5,4,0.01,ness A,0,0.05957875727094632,0.19046219105016787,0.10139094097142055
451338.84,6783234.0,-6221.0703,0.264583106,0.52498398,0.465026503,-0.48802626,-0.006489703,0.8728048,0,29.21377045,269.2381339,1,ness,sediments,5,4,0.01,ness A,0,0.028966212385292834,0.2565044833161853,0.08437342768946503
451744.78,6783110.0,-5946.6587,0.307205059,0.511964514,0.49383854,-0.58056635,-0.028425382,0.8137166,0,35.53934084,267.1969528,1,ness,sediments,5,4,0.01,ness A,0,0.11421011738518874,0.23046555091241372,0.14199750110245546
451593.25,6783164.5,-6042.6455,0.291295061,0.517686779,0.483760339,-0.64481467,-0.04709676,0.7628866,0,40.28066071,265.8225789,1,ness,sediments,5,4,0.01,ness A,0,0.08239012200499331,0.24191008168665204,0.12184109951492052
451553.62,6783541.0,-6089.2344,0.287134082,0.557217658,0.478868705,-0.52701575,0.064775035,0.84738344,0,32.0717918,277.0070299,1,ness,sediments,5,4,0.01,ness A,0,0.07406816320530307,0.3209718401545552,0.11205783162890366
451789.97,6783876.0,-6002.831,0.311949814,0.592391216,0.48794069,-0.4372517,0.14124654,0.8881781,0,27.3548069,287.9021464,1,ness,sediments,5,4,0.01,ness A,0,0.12369962831522892,0.3913189559228091,0.1302018017261298
451981.7,6783889.5,-5908.1094,0.332080639,0.593808658,0.49788605,-0.44651076,0.13747936,0.8841536,0,27.85245767,287.1134463,1,ness,sediments,5,4,0.01,ness A,0,0.16396127758761728,0.39415383969257456,0.15009252220659017
452761.03,6782012.5,-5974.7334,0.413906934,0.396731738,0.490890817,-0.3038981,0.066734165,0.9503644,0,18.12788822,282.3852223,1,ness,sediments,5,4,0.01,ness B,0,0.3276138678314215,0.0,0.13610205581571216
453590.4,6782215.0,-5659.782,0.500987214,0.417993366,0.523959358,-0.35462973,0.04754256,0.93379736,0,20.96528933,277.6356897,1,ness,sediments,5,4,0.01,ness B,0,0.5017744272484853,0.0425232565464818,0.2022391381953349
453924.66,6782309.0,-5550.831,0.536083075,0.427862962,0.535398744,-0.36836067,0.016103419,0.9295435,0,21.63623354,272.503174,1,ness,sediments,5,4,0.01,ness B,0,0.5719661493878676,0.062262447239663475,0.22511791016568422
453773.6,6782337.0,-5601.8774,0.520222425,0.430802841,0.530039092,-0.3322212,0.021734815,0.942951,0,19.44680507,273.7431116,1,ness,sediments,5,4,0.01,ness B,0,0.5402448499611444,0.06814220616954739,0.214398605657169
453900.6,6782466.0,-5562.9004,0.533556878,0.444347286,0.534131509,-0.36669382,-0.066402696,0.9279689,0,21.87961481,259.735831,1,ness,sediments,5,4,0.01,ness B,0,0.566913756535975,0.09523109552508394,0.22258344007895772
454285.88,6782853.0,-5333.6855,0.57400962,0.48498062,0.558198087,-0.46891865,0.010755525,0.8831759,0,27.97212393,271.3139553,1,ness,sediments,5,4,0.01,ness B,0,0.6478192394111834,0.1764977635916936,0.27071659561958095
453927.62,6782693.0,-5510.118,0.536393862,0.468181309,0.539673434,-0.45090953,-0.03174585,0.89200497,0,26.87371812,265.9727911,1,ness,sediments,5,4,0.01,ness B,0,0.5725877239033169,0.14289914113521415,0.23366728964112574
453371.4,6782842.0,-5818.4004,0.477993156,0.483825667,0.507305109,-0.37333775,0.12126984,0.9197351,0,23.11261396,287.9951485,1,ness,sediments,5,4,0.01,ness B,0,0.45578631276117904,0.17418785829781064,0.1689306398437671
454136.62,6782786.0,-5432.167,0.558337962,0.477945908,0.547857953,-0.39591712,-0.07632011,0.9151092,0,23.77876034,259.0890478,1,ness,sediments,5,4,0.01,ness B,0,0.6164759244870932,0.16242834043804283,0.25003632851053215
453082.94,6783005.0,-5939.2993,0.447706098,0.500939966,0.494611245,-0.30899167,0.15846097,0.9377709,0,20.31948424,297.1502254,1,ness,sediments,5,4,0.01,ness B,0,0.39521219629994925,0.20841645492534908,0.14354291174061937
453547.38,6783137.0,-5780.8203,0.496470299,0.514799397,0.511250858,-0.41345796,0.18936637,0.8906138,0,27.04952168,294.6080804,1,ness,sediments,5,4,0.01,ness B,0,0.49274059763549544,0.23613531845194463,0.17682213729237176
454237.7,6783252.0,-5414.1396,0.568950927,0.526873902,0.549750753,-0.47442323,0.14422375,0.86840206,0,29.72652378,286.909171,1,ness,sediments,5,4,0.01,ness B,0,0.6377018542239775,0.26028432834253923,0.25382192730098174
454017.9,6783182.0,-5511.954,0.545872873,0.519524204,0.539480662,-0.39703116,0.2533148,0.88215524,0,28.09654828,302.5387904,1,ness,sediments,5,4,0.01,ness B,0,0.5915457466243913,0.24558493101782947,0.23328174544843777
453943.56,6783321.0,-5605.151,0.538067493,0.534118605,0.529695378,-0.5079862,0.22404605,0.83171713,0,33.72446506,293.7997583,1,ness,sediments,5,4,0.01,ness B,0,0.5759349866655441,0.274773734276896,0.2137111778417095
452413.88,6783602.0,-6121.3994,0.377457678,0.563622396,0.475491518,-0.020263182,-0.24590543,0.969082,0,14.28461973,184.7106633,1,ness,sediments,5,4,0.01,ness B,0,0.25471535667037387,0.33378131496608804,0.10530345855819953
452231.7,6783541.0,-6131.3447,0.358329563,0.557217658,0.474447305,0.022806326,-0.20565817,0.9783581,0,11.94185232,173.6720774,1,ness,sediments,5,4,0.01,ness B,0,0.2164591251758664,0.3209718401545552,0.103215031183722
452987.56,6783641.0,-6082.1826,0.437691609,0.567717228,0.479609114,-0.24284257,0.059664607,0.9682291,0,14.48134742,283.8037272,1,ness,sediments,5,4,0.01,ness B,0,0.3751832174880794,0.34197097918985486,0.11353864891539496
453443.53,6783921.5,-5914.5156,0.485566496,0.59716852,0.497213427,-0.39818788,-0.027477626,0.9168923,0,23.52409565,266.0524661,1,ness,sediments,5,4,0.01,ness B,0,0.47093299174734166,0.40087356418387043,0.14874727536171092
453084.06,6783938.0,-6040.434,0.447823693,0.598900949,0.483992537,-0.3216886,-0.023704497,0.94654876,0,18.81785979,265.7856219,1,ness,sediments,5,4,0.01,ness B,0,0.39544738665714363,0.40433842212469484,0.12230549547468605
455314.53,6782416.5,-5637.9707,0.682013442,0.439149999,0.526249451,-0.36499813,0.023348175,0.93071544,0,21.453385,273.6601056,1,ness,sediments,5,4,0.01,ness C,0,0.8638268830977982,0.0848365217026106,0.20681932340774128
455105.5,6782763.0,-5702.283,0.660066191,0.475531007,0.519496936,-0.27996463,0.05391343,0.95849526,0,16.56533214,280.900146,1,ness,sediments,5,4,0.01,ness C,0,0.8199323827723054,0.15759853845992391,0.19331429411394216
455151.7,6782937.0,-5709.176,0.664916993,0.493800258,0.518773201,-0.20867859,0.14489609,0.967191,0,14.71731996,304.7742011,1,ness,sediments,5,4,0.01,ness C,0,0.8296339850066163,0.19413704038134533,0.19186682346023895
455911.3,6783283.0,-5492.4854,0.744671723,0.530128769,0.541524781,-0.33936694,0.047880553,0.9394347,0,20.04316265,278.0307325,1,ness,sediments,5,4,0.01,ness C,0,0.9891434451187476,0.2667940614434821,0.23736998383066416
455381.84,6783008.0,-5669.674,0.689080702,0.501254953,0.522920741,-0.28962487,0.140016,0.94684374,0,18.76539262,295.8009409,1,ness,sediments,5,4,0.01,ness C,0,0.8779614035824579,0.20904642909640808,0.2001619033619631
455177.0,6783177.0,-5732.828,0.667573384,0.518999225,0.516289843,-0.22128423,-0.002993253,0.97520477,0,12.78566077,269.2250225,1,ness,sediments,5,4,0.01,ness C,0,0.8349467671825447,0.24453497406606448,0.18690010709560986
455530.56,6783400.0,-5610.494,0.704695662,0.542413265,0.529134386,-0.28630954,-0.06020206,0.956244,0,17.01190224,258.1254526,1,ness,sediments,5,4,0.01,ness C,0,0.9091913231557497,0.2913630541147827,0.2125891938430535
454722.5,6783572.5,-5843.742,0.61985284,0.560525023,0.50464435,-0.38437238,-0.01922508,0.9229779,0,22.63461176,267.1366341,1,ness,sediments,5,4,0.01,ness C,0,0.7395056802671077,0.3275865689506746,0.16360912202599764
454771.06,6783839.0,-5823.7573,0.624951431,0.588506375,0.506742658,-0.5865721,0.05741262,0.8078595,0,36.11267712,275.5902014,1,ness,sediments,5,4,0.01,ness C,0,0.7497028621826488,0.3835492744797482,0.16780573696478518
454916.72,6783827.0,-5708.0757,0.640245104,0.587246427,0.518888728,-0.4417106,-0.03989042,0.89627033,0,26.32793126,264.8396767,1,ness,sediments,5,4,0.01,ness C,0,0.7802902081014609,0.38102937779551227,0.19209787698704436
451399.0,6782036.5,-5795.1763,0.270899647,0.399251635,0.50974354,-0.23644948,0.09055809,0.96741456,0,14.6668159,290.9564044,1,tarbert,sediments,6,4,0.01,tarbert A,0,0.041599294428923725,0.005039793368471917,0.1738075008924642
451709.25,6782388.0,-5756.465,0.303474562,0.436157622,0.513808059,-0.048152175,0.05991627,0.99704134,0,4.408514727,321.2126306,1,tarbert,sediments,6,4,0.01,tarbert A,0,0.10674912328594091,0.0788517670775502,0.18193654060183614
451469.75,6782431.5,-5798.2817,0.278328093,0.440724934,0.509417486,-0.24883446,0.030139888,0.968077,0,14.5161562,276.9062655,1,tarbert,sediments,6,4,0.01,tarbert A,0,0.05645618529639823,0.08798639255790555,0.17315539362886212
451441.53,6782591.0,-5823.6294,0.275365114,0.457471748,0.506756087,-0.17983156,0.092473835,0.9793412,0,11.66650283,297.2133481,1,tarbert,sediments,6,4,0.01,tarbert A,0,0.05053022826064254,0.1214800193192085,0.1678325948636114
451462.88,6782992.0,-5805.667,0.277606772,0.499575022,0.508642061,-0.23968625,0.012112714,0.9707748,0,13.88608389,272.8930216,1,tarbert,sediments,6,4,0.01,tarbert A,0,0.05501354444467413,0.20568656685076012,0.17160454421368795
451590.06,6783155.5,-5779.744,0.290960125,0.516741818,0.511363865,-0.18863963,-0.012965762,0.98196083,0,10.89935844,266.0680749,1,tarbert,sediments,6,4,0.01,tarbert A,0,0.08172024946976676,0.24002015917347505,0.17704815102580881
451336.75,6783300.0,-5842.106,0.264363665,0.531913696,0.504816123,-0.2950041,0.003896694,0.955488,0,17.15933438,270.7567729,1,tarbert,sediments,6,4,0.01,tarbert A,0,0.028527330379449694,0.27036391507948304,0.16395266794061525
451664.5,6783475.0,-5764.392,0.298776004,0.550287942,0.512975759,-0.12768607,0.04298177,0.9908828,0,7.742815068,288.6042966,1,tarbert,sediments,6,4,0.01,tarbert A,0,0.09735200856764431,0.3071124083912575,0.180271938850508
451500.5,6783631.0,-5801.481,0.28155671,0.566667271,0.509081573,-0.25929812,0.021666044,0.9655543,0,15.08202711,274.7763399,1,tarbert,sediments,6,4,0.01,tarbert A,0,0.06291342054975288,0.33987106528632494,0.17248356817370572
451957.78,6783914.0,-5761.34,0.329569142,0.596381052,0.513296205,-0.05363567,0.028892389,0.9981425,0,3.492764381,298.3103973,1,tarbert,sediments,6,4,0.01,tarbert A,0,0.158938283530377,0.39929862875622296,0.18091283257386528
452690.75,6782126.0,-5807.2056,0.406527836,0.40864875,0.508480515,-0.3352599,0.09652679,0.93716776,0,20.41876796,286.0619721,1,tarbert,sediments,6,4,0.01,tarbert B,0,0.312855672917407,0.023834022805065108,0.17128145146049087
453424.3,6782118.0,-5481.3896,0.483547429,0.407808784,0.542689792,-0.18924324,-0.10518056,0.9762807,0,12.50405145,240.9348872,1,tarbert,sediments,6,4,0.01,tarbert B,0,0.4668948573108452,0.022154091682241136,0.23970000629974275
452427.22,6782114.0,-5869.079,0.378858321,0.407388801,0.501984074,-0.1669719,0.15204321,0.974168,0,13.05136684,312.3207307,1,tarbert,sediments,6,4,0.01,tarbert B,0,0.257516641817676,0.02131412612082915,0.15828857016862388
452873.22,6783037.0,-5746.2227,0.425686401,0.504299828,0.514883457,-0.31171176,0.039368916,0.9493608,0,18.31179838,277.1982926,1,tarbert,sediments,6,4,0.01,tarbert B,0,0.35117280191511246,0.21513617941664498,0.1840873354192486
453289.47,6782391.0,-5576.2324,0.469390859,0.436472609,0.532731707,-0.35057607,0.16887453,0.9211828,0,22.90038365,295.7203871,1,tarbert,sediments,6,4,0.01,tarbert B,0,0.4385817181495473,0.0794817412486092,0.21978383486277167
453127.97,6782591.0,-5667.6143,0.452434054,0.457471748,0.523137,-0.336993,0.08591739,0.93757874,0,20.35116631,284.3030255,1,tarbert,sediments,6,4,0.01,tarbert B,0,0.4046681086075383,0.1214800193192085,0.2005944226286731
453883.12,6782289.5,-5396.1846,0.531721554,0.425815546,0.551635951,-0.23799014,-0.20325384,0.94976234,0,18.238431,229.5012448,1,tarbert,sediments,6,4,0.01,tarbert B,0,0.5632431070326086,0.05816761512778004,0.25759232271477
452759.7,6782632.5,-5783.5127,0.41376729,0.461829069,0.510968167,-0.41883427,-0.015266725,0.9079343,0,24.77857003,267.9124635,1,tarbert,sediments,6,4,0.01,tarbert B,0,0.3273345792822486,0.13019466201885788,0.1762567564729854
452524.2,6782839.5,-5871.2217,0.389040803,0.483563178,0.5017591,-0.31988785,-0.057166174,0.94572926,0,18.96288736,259.8678051,1,tarbert,sediments,6,4,0.01,tarbert B,0,0.2778816068541179,0.17366287982192816,0.15783862161651444
454123.2,6783092.5,-5384.163,0.55692892,0.510127089,0.552898167,-0.17477202,0.05127279,0.983273,0,10.49431012,286.3500825,1,tarbert,sediments,6,4,0.01,tarbert B,0,0.6136578400285594,0.22679070158123626,0.26011675521303756
453105.6,6783025.5,-5690.423,0.450085301,0.503092377,0.520742185,-0.2895542,0.038190443,0.9563994,0,16.98144288,277.5135973,1,tarbert,sediments,6,4,0.01,tarbert B,0,0.3999706012053428,0.2127212784275855,0.19580479200352882
452256.97,6783245.0,-5935.7446,0.360982804,0.526138932,0.494984473,-0.19412163,-0.03029173,0.98050964,0,11.33066696,261.1308011,1,tarbert,sediments,6,4,0.01,tarbert B,0,0.22176560761007832,0.2588143886100683,0.1442893681359071
453453.9,6783238.5,-5582.3594,0.486655301,0.52545646,0.532088398,-0.33420774,0.07012347,0.93988717,0,19.96738329,281.8499015,1,tarbert,sediments,6,4,0.01,tarbert B,0,0.47311060246530123,0.2574494445727738,0.21849721761407878
453355.78,6783439.5,-5631.412,0.476353124,0.546560595,0.526938086,-0.3321813,0.07282856,0.9403997,0,19.88121051,282.3660636,1,tarbert,sediments,6,4,0.01,tarbert B,0,0.4525062472438662,0.2996577140337261,0.2081965939396494
453070.12,6783613.0,-5741.871,0.446360053,0.564777348,0.515340367,-0.30940914,-0.033111267,0.9503524,0,18.13009787,263.8917669,1,tarbert,sediments,6,4,0.01,tarbert B,0,0.39252010667562237,0.33609122025997096,0.18500115495264777
452302.16,6783615.0,-5904.866,0.365727559,0.56498734,0.498226593,-0.090275444,-0.049479768,0.9946869,0,5.908865443,241.2729516,1,tarbert,sediments,6,4,0.01,tarbert B,0,0.23125511854013073,0.336511203040677,0.15077360828206113
453584.75,6783712.0,-5529.9907,0.500393988,0.575171922,0.537586886,-0.458723,0.07806911,0.88514316,0,27.73085623,279.6585092,1,tarbert,sediments,6,4,0.01,tarbert B,0,0.500587975892986,0.3568803679049176,0.22949419373805777
454215.47,6783903.0,-5432.5874,0.566616873,0.5952261,0.547813813,-0.16146027,0.03763774,0.98616123,0,9.543078434,283.1217977,1,tarbert,sediments,6,4,0.01,tarbert B,0,0.6330337456164221,0.39698872346234,0.24994804813002777
453563.9,6783841.0,-5598.2764,0.498204828,0.588716367,0.530417181,-0.4090191,0.06252383,0.9103813,0,24.44190235,278.6911183,1,tarbert,sediments,6,4,0.01,tarbert B,0,0.49620965540413087,0.3839692572604542,0.21515478465383026
455107.03,6783364.5,-5570.2495,0.660226835,0.538685918,0.533359885,-0.22194341,-0.13996412,0.9649617,0,15.21196955,237.763249,1,tarbert,sediments,6,4,0.01,tarbert C,0,0.8202536695995514,0.2839083597572513,0.2210401923521146
454784.6,6782555.0,-5569.212,0.626373073,0.453691903,0.533468818,0.010453232,0.07220087,0.9973353,0,4.183678248,8.238033596,1,tarbert,sediments,6,4,0.01,tarbert C,0,0.752546145608024,0.11392032926650063,0.22125805841960575
455207.53,6782268.5,-5559.538,0.670778902,0.423610636,0.534484547,-0.09445687,0.003278962,0.9955235,0,5.423367918,271.9881592,1,tarbert,sediments,6,4,0.01,tarbert C,0,0.8413578043300276,0.05375779593036712,0.22328951512988082
455753.1,6782065.5,-5452.4917,0.728061404,0.40229651,0.545723947,-0.21890195,0.06584169,0.9735229,0,13.21404441,286.7403228,1,tarbert,sediments,6,4,0.01,tarbert C,0,0.9559228071649012,0.011129543688708818,0.24576831649902478
455255.9,6782475.0,-5523.461,0.675857544,0.445292247,0.538272476,-0.2145675,-0.07837421,0.9735596,0,13.20484243,249.9344706,1,tarbert,sediments,6,4,0.01,tarbert C,0,0.8515150878814011,0.09712101803826091,0.23086537451964573
455579.62,6782443.0,-5458.338,0.70984675,0.441932385,0.545110111,-0.23776647,-0.21542752,0.9471315,0,18.71407303,227.8219537,1,tarbert,sediments,6,4,0.01,tarbert C,0,0.9194935007664672,0.09040129354696502,0.24454064383360402
455194.47,6782693.0,-5550.796,0.669407658,0.468181309,0.535402419,-0.3108119,0.081520915,0.946969,0,18.7430702,284.6967125,1,tarbert,sediments,6,4,0.01,tarbert C,0,0.8386153167720057,0.14289914113521415,0.22512525986434656
455433.34,6782839.0,-5518.4688,0.69448798,0.48351068,0.538796636,-0.18595031,0.1700492,0.96773225,0,14.59475307,312.4425208,1,tarbert,sediments,6,4,0.01,tarbert C,0,0.8887759601856372,0.17355788412675166,0.23191369353856608
455802.94,6783036.5,-5462.9497,0.733294389,0.50424733,0.544625902,-0.24135128,0.047562957,0.96927154,0,14.24053963,281.1483901,1,tarbert,sediments,6,4,0.01,tarbert C,0,0.9663887780600998,0.21503118372146848,0.24357222653871302
455343.66,6783229.0,-5548.4756,0.685071966,0.524459001,0.535646051,-0.26178923,-0.15142994,0.9531712,0,17.60368856,239.9530996,1,tarbert,sediments,6,4,0.01,tarbert C,0,0.8699439322987698,0.2554545263644203,0.22561252388652175
